il,year,ekilen_alan,uretim_ton,verim_kg_dekar,ekilen_ha,verim_t_ha
Adana,2004,3092500.0,834643.0,270.0,309250.0,2.6989
Adana,2005,2864730.0,1012419.0,353.0,286473.0,3.5341
Adana,2006,2400000.0,853920.0,356.0,240000.0,3.558
Adana,2007,2331921.0,901671.0,387.0,233192.0,3.8666
Adana,2008,2209852.0,898246.0,406.0,220985.0,4.0647
Adana,2009,2205426.0,787511.0,357.0,220543.0,3.5708
Adana,2010,2167738.0,707817.0,328.0,216774.0,3.2652
Adana,2011,2112689.0,757727.0,359.0,211269.0,3.5866
Adana,2012,1985670.0,783812.0,395.0,198567.0,3.9473
Adana,2013,1896635.0,703716.0,371.0,189664.0,3.7103
Adana,2014,2045428.0,582916.0,286.0,204543.0,2.8498
Adana,2015,1874551.0,730298.0,390.0,187455.0,3.8959
Adana,2016,1743744.0,621302.0,356.0,174374.0,3.563
Adana,2017,1786065.0,689904.0,386.0,178606.0,3.8627
Adana,2018,1748167.0,681736.0,390.0,174817.0,3.8997
Adana,2019,1350341.0,502378.0,372.0,135034.0,3.7204
Adana,2020,1586016.0,621724.0,392.0,158602.0,3.92
Adana,2021,1586010.0,707343.0,446.0,158601.0,4.4599
Adana,2022,1397811.0,537941.0,385.0,139781.0,3.8485
Adana,2023,1337478.0,433549.0,324.0,133748.0,3.2415
Adana,2024,1274276.0,452219.0,355.0,127428.0,3.5488
Adıyaman,2004,835100.0,112329.0,135.0,83510.0,1.3451
Adıyaman,2005,801680.0,180588.0,225.0,80168.0,2.2526
Adıyaman,2006,752166.0,176685.0,235.0,75217.0,2.349
Adıyaman,2007,721797.0,170380.0,236.0,72180.0,2.3605
Adıyaman,2008,785624.0,130696.0,170.0,78562.0,1.6636
Adıyaman,2009,725710.0,184916.0,255.0,72571.0,2.5481
Adıyaman,2010,907089.0,214703.0,237.0,90709.0,2.3669
Adıyaman,2011,872755.0,277778.0,318.0,87276.0,3.1828
Adıyaman,2012,769278.0,209730.0,273.0,76928.0,2.7263
Adıyaman,2013,826951.0,235654.0,285.0,82695.0,2.8497
Adıyaman,2014,818191.0,223346.0,273.0,81819.0,2.7298
Adıyaman,2015,817826.0,241430.0,295.0,81783.0,2.9521
Adıyaman,2016,828327.0,231657.0,280.0,82833.0,2.7967
Adıyaman,2017,825958.0,245581.0,297.0,82596.0,2.9733
Adıyaman,2018,588717.0,176259.0,299.0,58872.0,2.9939
Adıyaman,2019,565070.0,165870.0,294.0,56507.0,2.9354
Adıyaman,2020,574496.0,193027.0,336.0,57450.0,3.3599
Adıyaman,2021,595814.0,185514.0,311.0,59581.0,3.1136
Adıyaman,2022,521631.0,160378.0,307.0,52163.0,3.0746
Adıyaman,2023,531223.0,198256.0,373.0,53122.0,3.7321
Adıyaman,2024,548763.0,181380.0,331.0,54876.0,3.3053
Afyonkarahisar,2004,1232090.0,298308.0,242.0,123209.0,2.4212
Afyonkarahisar,2005,1235750.0,266457.0,216.0,123575.0,2.1562
Afyonkarahisar,2006,1257982.0,288965.0,230.0,125798.0,2.2971
Afyonkarahisar,2007,1193411.0,195769.0,167.0,119341.0,1.6404
Afyonkarahisar,2008,1262263.0,250930.0,199.0,126226.0,1.9879
Afyonkarahisar,2009,1198842.0,255533.0,213.0,119884.0,2.1315
Afyonkarahisar,2010,1304162.0,385210.0,315.0,130416.0,2.9537
Afyonkarahisar,2011,1202716.0,264137.0,222.0,120272.0,2.1962
Afyonkarahisar,2012,1218066.0,293202.0,241.0,121807.0,2.4071
Afyonkarahisar,2013,1174716.0,300996.0,257.0,117472.0,2.5623
Afyonkarahisar,2014,1190297.0,242413.0,204.0,119030.0,2.0366
Afyonkarahisar,2015,1155432.0,321867.0,279.0,115543.0,2.7857
Afyonkarahisar,2016,1166297.0,260502.0,224.0,116630.0,2.2336
Afyonkarahisar,2017,1184257.0,311214.0,263.0,118426.0,2.6279
Afyonkarahisar,2018,1127936.0,294819.0,261.0,112794.0,2.6138
Afyonkarahisar,2019,1152181.0,297235.0,258.0,115218.0,2.5798
Afyonkarahisar,2020,1074153.0,294541.0,274.0,107415.0,2.7421
Afyonkarahisar,2021,1120722.0,246910.0,220.0,112072.0,2.2031
Afyonkarahisar,2022,1090471.0,352458.0,323.0,109047.0,3.2322
Afyonkarahisar,2023,1125819.0,377266.0,335.0,112582.0,3.351
Afyonkarahisar,2024,1148032.0,258994.0,226.0,114803.0,2.256
Aksaray,2004,956260.0,201309.0,211.0,95626.0,2.1052
Aksaray,2005,955720.0,206981.0,217.0,95572.0,2.1657
Aksaray,2006,930579.0,242488.0,261.0,93058.0,2.6058
Aksaray,2007,1019296.0,247031.0,242.0,101930.0,2.4235
Aksaray,2008,849023.0,177087.0,221.0,84902.0,2.0858
Aksaray,2009,889556.0,259845.0,292.0,88956.0,2.9211
Aksaray,2010,868588.0,235742.0,271.0,86859.0,2.7141
Aksaray,2011,806591.0,222013.0,275.0,80659.0,2.7525
Aksaray,2012,739728.0,217856.0,295.0,73973.0,2.9451
Aksaray,2013,716577.0,227861.0,319.0,71658.0,3.1798
Aksaray,2014,716014.0,136625.0,207.0,71601.0,1.9081
Aksaray,2015,772578.0,289016.0,374.0,77258.0,3.7409
Aksaray,2016,715911.0,203154.0,284.0,71591.0,2.8377
Aksaray,2017,718780.0,230445.0,322.0,71878.0,3.2061
Aksaray,2018,632494.0,207569.0,328.0,63249.0,3.2818
Aksaray,2019,611475.0,191728.0,314.0,61148.0,3.1355
Aksaray,2020,574709.0,188958.0,329.0,57471.0,3.2879
Aksaray,2021,569275.0,175879.0,309.0,56928.0,3.0895
Aksaray,2022,526450.0,193972.0,368.0,52645.0,3.6845
Aksaray,2023,522680.0,200095.0,383.0,52268.0,3.8283
Aksaray,2024,547840.0,188920.0,345.0,54784.0,3.4485
Amasya,2004,1141430.0,351215.0,314.0,114143.0,3.077
Amasya,2005,1207640.0,450060.0,373.0,120764.0,3.7268
Amasya,2006,1165779.0,392811.0,337.0,116578.0,3.3695
Amasya,2007,1112359.0,226237.0,203.0,111236.0,2.0338
Amasya,2008,1138267.0,359252.0,316.0,113827.0,3.1561
Amasya,2009,1106320.0,361786.0,327.0,110632.0,3.2702
Amasya,2010,1091454.0,282730.0,259.0,109145.0,2.5904
Amasya,2011,1136061.0,395316.0,348.0,113606.0,3.4797
Amasya,2012,1091616.0,318547.0,293.0,109162.0,2.9181
Amasya,2013,1020971.0,299629.0,293.0,102097.0,2.9347
Amasya,2014,1008253.0,203985.0,204.0,100825.0,2.0232
Amasya,2015,1029888.0,335736.0,326.0,102989.0,3.2599
Amasya,2016,1001615.0,313070.0,313.0,100162.0,3.1256
Amasya,2017,1010780.0,298429.0,295.0,101078.0,2.9525
Amasya,2018,1008044.0,291745.0,290.0,100804.0,2.8942
Amasya,2019,995802.0,305601.0,314.0,99580.0,3.0689
Amasya,2020,1005302.0,283419.0,284.0,100530.0,2.8192
Amasya,2021,994526.0,204419.0,249.0,99453.0,2.0554
Amasya,2022,948946.0,353284.0,372.0,94895.0,3.7229
Amasya,2023,934875.0,263666.0,282.0,93488.0,2.8203
Amasya,2024,944927.0,205939.0,253.0,94493.0,2.1794
Ankara,2004,4808390.0,968538.0,201.0,480839.0,2.0143
Ankara,2005,4758890.0,1109843.0,236.0,475889.0,2.3321
Ankara,2006,4752807.0,1090156.0,229.0,475281.0,2.2937
Ankara,2007,4389281.0,510207.0,122.0,438928.0,1.1624
Ankara,2008,4559276.0,737371.0,162.0,455928.0,1.6173
Ankara,2009,4303448.0,1075267.0,250.0,430345.0,2.4986
Ankara,2010,3765421.0,868513.0,231.0,376542.0,2.3066
Ankara,2011,4120285.0,1054507.0,257.0,412028.0,2.5593
Ankara,2012,3943368.0,967093.0,245.0,394337.0,2.4525
Ankara,2013,4225252.0,1076615.0,256.0,422525.0,2.5481
Ankara,2014,4240343.0,758428.0,179.0,424034.0,1.7886
Ankara,2015,4284615.0,1073493.0,254.0,428462.0,2.5055
Ankara,2016,4246826.0,1083670.0,256.0,424683.0,2.5517
Ankara,2017,4309706.0,987908.0,230.0,430971.0,2.2923
Ankara,2018,4267042.0,1004545.0,235.0,426704.0,2.3542
Ankara,2019,3882652.0,981611.0,253.0,388265.0,2.5282
Ankara,2020,3288476.0,887869.0,270.0,328848.0,2.6999
Ankara,2021,3400233.0,562099.0,166.0,340023.0,1.6531
Ankara,2022,3360855.0,822387.0,247.0,336086.0,2.447
Ankara,2023,3440592.0,1021120.0,297.0,344059.0,2.9679
Ankara,2024,3808223.0,942085.0,247.0,380822.0,2.4738
Antalya,2004,858480.0,234956.0,274.0,85848.0,2.7369
Antalya,2005,907440.0,230074.0,254.0,90744.0,2.5354
Antalya,2006,871354.0,218751.0,251.0,87135.0,2.5105
Antalya,2007,808678.0,187876.0,232.0,80868.0,2.3232
Antalya,2008,849022.0,234716.0,276.0,84902.0,2.7646
Antalya,2009,921512.0,237303.0,258.0,92151.0,2.5752
Antalya,2010,922396.0,204864.0,223.0,92240.0,2.221
Antalya,2011,881074.0,218284.0,248.0,88107.0,2.4775
Antalya,2012,899994.0,226571.0,252.0,89999.0,2.5175
Antalya,2013,859723.0,210272.0,245.0,85972.0,2.4458
Antalya,2014,894159.0,206932.0,231.0,89416.0,2.3143
Antalya,2015,891865.0,214899.0,241.0,89186.0,2.4096
Antalya,2016,812935.0,178046.0,219.0,81294.0,2.1901
Antalya,2017,782680.0,198987.0,254.0,78268.0,2.5424
Antalya,2018,774187.0,198303.0,256.0,77419.0,2.5614
Antalya,2019,790992.0,212636.0,270.0,79099.0,2.6882
Antalya,2020,789058.0,222278.0,282.0,78906.0,2.817
Antalya,2021,748608.0,186283.0,249.0,74861.0,2.4884
Antalya,2022,698824.0,192841.0,276.0,69882.0,2.7595
Antalya,2023,583538.0,191170.0,328.0,58354.0,3.276
Antalya,2024,637881.0,151745.0,238.0,63788.0,2.3789
Ardahan,2004,151400.0,12173.0,123.0,15140.0,0.804
Ardahan,2005,151700.0,17985.0,120.0,15170.0,1.1856
Ardahan,2006,144995.0,17472.0,121.0,14500.0,1.205
Ardahan,2007,99355.0,14826.0,149.0,9936.0,1.4921
Ardahan,2008,67412.0,12325.0,183.0,6741.0,1.8284
Ardahan,2009,184590.0,27485.0,150.0,18459.0,1.489
Ardahan,2010,60323.0,6819.0,118.0,6032.0,1.1305
Ardahan,2011,48072.0,5214.0,108.0,4807.0,1.0847
Ardahan,2012,54479.0,8567.0,157.0,5448.0,1.5725
Ardahan,2013,53267.0,5999.0,113.0,5327.0,1.1261
Ardahan,2014,56356.0,6279.0,111.0,5636.0,1.1141
Ardahan,2015,52965.0,5779.0,109.0,5296.0,1.0912
Ardahan,2016,50894.0,5289.0,104.0,5089.0,1.0393
Ardahan,2017,50584.0,8006.0,158.0,5058.0,1.5828
Ardahan,2018,48512.0,7442.0,153.0,4851.0,1.5341
Ardahan,2019,48227.0,5698.0,118.0,4823.0,1.1814
Ardahan,2020,49126.0,7499.0,153.0,4913.0,1.5264
Ardahan,2021,46755.0,5829.0,125.0,4676.0,1.2466
Ardahan,2022,67982.0,11856.0,174.0,6798.0,1.744
Ardahan,2023,79531.0,16865.0,212.0,7953.0,2.1206
Ardahan,2024,73995.0,11932.0,161.0,7400.0,1.6124
Artvin,2004,22700.0,3480.0,153.0,2270.0,1.533
Artvin,2005,22140.0,4676.0,211.0,2214.0,2.112
Artvin,2006,21712.0,4557.0,210.0,2171.0,2.099
Artvin,2007,16707.0,4001.0,240.0,1671.0,2.3944
Artvin,2008,17336.0,4092.0,236.0,1734.0,2.3599
Artvin,2009,643.0,115.0,179.0,64.0,1.7969
Artvin,2010,5748.0,833.0,145.0,575.0,1.4487
Artvin,2011,3929.0,655.0,167.0,393.0,1.6667
Artvin,2012,3925.0,856.0,218.0,392.0,2.1837
Artvin,2013,3660.0,620.0,169.0,366.0,1.694
Artvin,2014,3652.0,532.0,146.0,365.0,1.4575
Artvin,2015,1513.0,185.0,122.0,151.0,1.2252
Artvin,2016,1522.0,173.0,114.0,152.0,1.1382
Artvin,2017,1570.0,166.0,106.0,157.0,1.0573
Artvin,2018,1563.0,194.0,124.0,156.0,1.2436
Artvin,2019,1571.0,167.0,106.0,157.0,1.0637
Artvin,2020,1844.0,203.0,110.0,184.0,1.1033
Artvin,2021,1550.0,125.0,81.0,155.0,0.8065
Artvin,2022,1674.0,414.0,247.0,167.0,2.479
Artvin,2023,1640.0,343.0,209.0,164.0,2.0915
Artvin,2024,1650.0,304.0,184.0,165.0,1.8424
Aydın,2004,310080.0,117450.0,379.0,31008.0,3.7877
Aydın,2005,401800.0,164605.0,411.0,40180.0,4.0967
Aydın,2006,293558.0,116400.0,397.0,29356.0,3.9651
Aydın,2007,278851.0,86440.0,319.0,27885.0,3.0999
Aydın,2008,304051.0,135050.0,445.0,30405.0,4.4417
Aydın,2009,347717.0,120876.0,351.0,34772.0,3.4762
Aydın,2010,276338.0,86816.0,319.0,27634.0,3.1416
Aydın,2011,212351.0,67158.0,322.0,21235.0,3.1626
Aydın,2012,201234.0,80661.0,402.0,20123.0,4.0084
Aydın,2013,232524.0,86835.0,395.0,23252.0,3.7345
Aydın,2014,220996.0,76557.0,363.0,22100.0,3.4641
Aydın,2015,225859.0,75087.0,361.0,22586.0,3.3245
Aydın,2016,185533.0,70864.0,382.0,18553.0,3.8195
Aydın,2017,204477.0,82909.0,405.0,20448.0,4.0546
Aydın,2018,184312.0,75566.0,410.0,18431.0,4.0999
Aydın,2019,168810.0,67940.0,402.0,16881.0,4.0246
Aydın,2020,191100.0,81202.0,425.0,19110.0,4.2492
Aydın,2021,259716.0,122114.0,470.0,25972.0,4.7018
Aydın,2022,304130.0,123122.0,405.0,30413.0,4.0483
Aydın,2023,294305.0,125543.0,427.0,29430.0,4.2658
Aydın,2024,259742.0,95485.0,368.0,25974.0,3.6762
Ağrı,2004,1566240.0,168413.0,108.0,156624.0,1.0753
Ağrı,2005,1512740.0,163995.0,110.0,151274.0,1.0841
Ağrı,2006,1146396.0,133818.0,118.0,114640.0,1.1673
Ağrı,2007,994908.0,141607.0,142.0,99491.0,1.4233
Ağrı,2008,990068.0,123080.0,125.0,99007.0,1.2431
Ağrı,2009,963927.0,175297.0,183.0,96393.0,1.8186
Ağrı,2010,1006377.0,181955.0,182.0,100638.0,1.808
Ağrı,2011,1078044.0,182473.0,169.0,107804.0,1.6926
Ağrı,2012,1048510.0,166666.0,159.0,104851.0,1.5896
Ağrı,2013,1092573.0,211580.0,195.0,109257.0,1.9365
Ağrı,2014,1091207.0,169704.0,159.0,109121.0,1.5552
Ağrı,2015,1037357.0,153191.0,151.0,103736.0,1.4767
Ağrı,2016,1026794.0,152993.0,150.0,102679.0,1.49
Ağrı,2017,992904.0,137263.0,140.0,99290.0,1.3824
Ağrı,2018,925145.0,131568.0,144.0,92514.0,1.4221
Ağrı,2019,896791.0,108877.0,122.0,89679.0,1.2141
Ağrı,2020,839399.0,177075.0,213.0,83940.0,2.1095
Ağrı,2021,871483.0,125252.0,144.0,87148.0,1.4372
Ağrı,2022,847346.0,195960.0,231.0,84735.0,2.3126
Ağrı,2023,908299.0,350673.0,386.0,90830.0,3.8608
Ağrı,2024,969216.0,228878.0,236.0,96922.0,2.3615
Balıkesir,2004,1762910.0,488652.0,277.0,176291.0,2.7718
Balıkesir,2005,1713240.0,520254.0,304.0,171324.0,3.0367
Balıkesir,2006,1558571.0,461917.0,296.0,155857.0,2.9637
Balıkesir,2007,1482346.0,376618.0,256.0,148235.0,2.5407
Balıkesir,2008,1514871.0,470537.0,311.0,151487.0,3.1061
Balıkesir,2009,1461306.0,373249.0,255.0,146131.0,2.5542
Balıkesir,2010,1327039.0,335304.0,253.0,132704.0,2.5267
Balıkesir,2011,1366357.0,356222.0,261.0,136636.0,2.6071
Balıkesir,2012,1243412.0,310657.0,250.0,124341.0,2.4984
Balıkesir,2013,1150131.0,286429.0,249.0,115013.0,2.4904
Balıkesir,2014,1187644.0,316069.0,266.0,118764.0,2.6613
Balıkesir,2015,1173764.0,281718.0,241.0,117376.0,2.4001
Balıkesir,2016,1222206.0,365533.0,299.0,122221.0,2.9908
Balıkesir,2017,1226706.0,379421.0,309.0,122671.0,3.093
Balıkesir,2018,1111435.0,350307.0,315.0,111144.0,3.1518
Balıkesir,2019,986506.0,271595.0,275.0,98651.0,2.7531
Balıkesir,2020,1098562.0,309857.0,282.0,109856.0,2.8206
Balıkesir,2021,1005973.0,309793.0,308.0,100597.0,3.0795
Balıkesir,2022,931290.0,288618.0,310.0,93129.0,3.0991
Balıkesir,2023,913470.0,278650.0,305.0,91347.0,3.0505
Balıkesir,2024,903780.0,287336.0,318.0,90378.0,3.1793
Bartın,2004,68080.0,10948.0,161.0,6808.0,1.6081
Bartın,2005,72650.0,12545.0,173.0,7265.0,1.7268
Bartın,2006,68320.0,13342.0,195.0,6832.0,1.9529
Bartın,2007,63329.0,12563.0,198.0,6333.0,1.9837
Bartın,2008,60368.0,12371.0,205.0,6037.0,2.0492
Bartın,2009,60208.0,10949.0,182.0,6021.0,1.8185
Bartın,2010,123726.0,21656.0,175.0,12373.0,1.7503
Bartın,2011,134532.0,22759.0,169.0,13453.0,1.6917
Bartın,2012,126492.0,24559.0,194.0,12649.0,1.9416
Bartın,2013,143176.0,25511.0,178.0,14318.0,1.7817
Bartın,2014,152119.0,21667.0,142.0,15212.0,1.4243
Bartın,2015,132657.0,17564.0,132.0,13266.0,1.324
Bartın,2016,133110.0,18446.0,139.0,13311.0,1.3858
Bartın,2017,132850.0,20896.0,157.0,13285.0,1.5729
Bartın,2018,130681.0,20396.0,156.0,13068.0,1.5608
Bartın,2019,111670.0,15724.0,141.0,11167.0,1.4081
Bartın,2020,108616.0,14797.0,136.0,10862.0,1.3623
Bartın,2021,108543.0,16921.0,156.0,10854.0,1.559
Bartın,2022,107863.0,15094.0,141.0,10786.0,1.3994
Bartın,2023,95580.0,10635.0,112.0,9558.0,1.1127
Bartın,2024,32900.0,2733.0,83.0,3290.0,0.8307
Batman,2004,410320.0,86457.0,211.0,41032.0,2.1071
Batman,2005,364800.0,89930.0,247.0,36480.0,2.4652
Batman,2006,399908.0,100210.0,251.0,39991.0,2.5058
Batman,2007,633919.0,184173.0,291.0,63392.0,2.9053
Batman,2008,395265.0,15788.0,82.0,39526.0,0.3994
Batman,2009,520555.0,132173.0,254.0,52056.0,2.5391
Batman,2010,635179.0,205306.0,323.0,63518.0,3.2322
Batman,2011,728170.0,196609.0,270.0,72817.0,2.7
Batman,2012,703002.0,179651.0,256.0,70300.0,2.5555
Batman,2013,581406.0,177955.0,306.0,58141.0,3.0607
Batman,2014,377957.0,107877.0,285.0,37796.0,2.8542
Batman,2015,709255.0,202491.0,285.0,70926.0,2.855
Batman,2016,545737.0,150317.0,275.0,54574.0,2.7544
Batman,2017,447306.0,121904.0,273.0,44731.0,2.7253
Batman,2018,457729.0,134740.0,294.0,45773.0,2.9437
Batman,2019,410452.0,117048.0,285.0,41045.0,2.8517
Batman,2020,359461.0,124645.0,347.0,35946.0,3.4676
Batman,2021,343855.0,84438.0,246.0,34386.0,2.4556
Batman,2022,293155.0,97370.0,332.0,29316.0,3.3214
Batman,2023,313950.0,109387.0,348.0,31395.0,3.4842
Batman,2024,313915.0,119507.0,381.0,31392.0,3.8069
Bayburt,2004,200800.0,26725.0,133.0,20080.0,1.3309
Bayburt,2005,213680.0,31615.0,148.0,21368.0,1.4795
Bayburt,2006,232065.0,34899.0,150.0,23206.0,1.5039
Bayburt,2007,169172.0,25940.0,153.0,16917.0,1.5334
Bayburt,2009,236055.0,42911.0,182.0,23606.0,1.8178
Bayburt,2010,219253.0,56764.0,259.0,21925.0,2.589
Bayburt,2011,216880.0,46935.0,216.0,21688.0,2.1641
Bayburt,2012,195881.0,45454.0,232.0,19588.0,2.3205
Bayburt,2013,236313.0,46749.0,198.0,23631.0,1.9783
Bayburt,2014,275788.0,49932.0,181.0,27579.0,1.8105
Bayburt,2015,288050.0,65953.0,229.0,28805.0,2.2896
Bayburt,2016,275064.0,50171.0,186.0,27506.0,1.824
Bayburt,2017,267833.0,30437.0,114.0,26783.0,1.1364
Bayburt,2018,194224.0,51651.0,266.0,19422.0,2.6594
Bayburt,2019,166359.0,45220.0,272.0,16636.0,2.7182
Bayburt,2020,165774.0,46499.0,280.0,16577.0,2.805
Bayburt,2021,186293.0,21616.0,116.0,18629.0,1.1603
Bayburt,2022,184789.0,51192.0,277.0,18479.0,2.7703
Bayburt,2023,238932.0,55710.0,233.0,23893.0,2.3316
Bayburt,2024,241758.0,56802.0,235.0,24176.0,2.3495
Bilecik,2004,398370.0,102757.0,258.0,39837.0,2.5794
Bilecik,2005,386010.0,105212.0,273.0,38601.0,2.7256
Bilecik,2006,357797.0,77640.0,217.0,35780.0,2.1699
Bilecik,2007,329948.0,65940.0,200.0,32995.0,1.9985
Bilecik,2008,336760.0,83584.0,248.0,33676.0,2.482
Bilecik,2009,322195.0,73836.0,229.0,32220.0,2.2916
Bilecik,2010,285920.0,58572.0,205.0,28592.0,2.0485
Bilecik,2011,289014.0,67957.0,235.0,28901.0,2.3514
Bilecik,2012,286738.0,64719.0,226.0,28674.0,2.2571
Bilecik,2013,287849.0,68395.0,238.0,28785.0,2.3761
Bilecik,2014,301496.0,83254.0,278.0,30150.0,2.7613
Bilecik,2015,316072.0,64738.0,208.0,31607.0,2.0482
Bilecik,2016,314062.0,65175.0,208.0,31406.0,2.0752
Bilecik,2017,311114.0,68019.0,219.0,31111.0,2.1863
Bilecik,2018,301413.0,57543.0,191.0,30141.0,1.9091
Bilecik,2019,298915.0,67852.0,227.0,29892.0,2.2699
Bilecik,2020,320813.0,83293.0,260.0,32081.0,2.5963
Bilecik,2021,308740.0,75966.0,246.0,30874.0,2.4605
Bilecik,2022,305200.0,70391.0,241.0,30520.0,2.3064
Bilecik,2023,311951.0,73047.0,234.0,31195.0,2.3416
Bilecik,2024,305863.0,75104.0,246.0,30586.0,2.4555
Bingöl,2004,164120.0,28539.0,174.0,16412.0,1.7389
Bingöl,2005,164480.0,29501.0,179.0,16448.0,1.7936
Bingöl,2006,137777.0,27573.0,200.0,13778.0,2.0012
Bingöl,2007,154947.0,33895.0,219.0,15495.0,2.1875
Bingöl,2008,156124.0,34078.0,225.0,15612.0,2.1828
Bingöl,2009,158631.0,32269.0,203.0,15863.0,2.0342
Bingöl,2010,150587.0,30510.0,203.0,15059.0,2.026
Bingöl,2011,138877.0,29440.0,212.0,13888.0,2.1198
Bingöl,2012,147663.0,9893.0,94.0,14766.0,0.67
Bingöl,2013,135781.0,39487.0,320.0,13578.0,2.9082
Bingöl,2014,136158.0,31907.0,258.0,13616.0,2.3433
Bingöl,2015,129473.0,35478.0,278.0,12947.0,2.7402
Bingöl,2016,111430.0,29411.0,264.0,11143.0,2.6394
Bingöl,2017,94513.0,23851.0,258.0,9451.0,2.5236
Bingöl,2018,91395.0,25796.0,285.0,9140.0,2.8223
Bingöl,2019,101055.0,28774.0,293.0,10106.0,2.8472
Bingöl,2020,54813.0,13984.0,255.0,5481.0,2.5514
Bingöl,2021,52299.0,11062.0,212.0,5230.0,2.1151
Bingöl,2022,88159.0,21765.0,247.0,8816.0,2.4688
Bingöl,2023,82360.0,19269.0,234.0,8236.0,2.3396
Bingöl,2024,87625.0,21458.0,245.0,8762.0,2.449
Bitlis,2004,301530.0,33595.0,111.0,30153.0,1.1142
Bitlis,2005,520510.0,67993.0,131.0,52051.0,1.3063
Bitlis,2006,509706.0,70330.0,138.0,50971.0,1.3798
Bitlis,2007,445356.0,62141.0,140.0,44536.0,1.3953
Bitlis,2008,454948.0,49542.0,109.0,45495.0,1.089
Bitlis,2009,446658.0,59161.0,132.0,44666.0,1.3245
Bitlis,2010,413327.0,53268.0,129.0,41333.0,1.2888
Bitlis,2011,392428.0,59999.0,153.0,39243.0,1.5289
Bitlis,2012,335466.0,41706.0,133.0,33547.0,1.2432
Bitlis,2013,366238.0,53260.0,145.0,36624.0,1.4542
Bitlis,2014,362655.0,48783.0,135.0,36266.0,1.3451
Bitlis,2015,359149.0,46571.0,130.0,35915.0,1.2967
Bitlis,2016,342962.0,55113.0,161.0,34296.0,1.607
Bitlis,2017,324050.0,48453.0,150.0,32405.0,1.4952
Bitlis,2018,328799.0,50275.0,153.0,32880.0,1.529
Bitlis,2019,341558.0,56497.0,166.0,34156.0,1.6541
Bitlis,2020,241224.0,54897.0,228.0,24122.0,2.2758
Bitlis,2021,279465.0,51800.0,185.0,27946.0,1.8536
Bitlis,2022,301965.0,69665.0,231.0,30196.0,2.3071
Bitlis,2023,343898.0,114469.0,333.0,34390.0,3.3286
Bitlis,2024,377558.0,109525.0,290.0,37756.0,2.9009
Bolu,2004,224620.0,48009.0,214.0,22462.0,2.1373
Bolu,2005,322460.0,65583.0,203.0,32246.0,2.0338
Bolu,2006,570869.0,125129.0,219.0,57087.0,2.1919
Bolu,2007,549234.0,98896.0,215.0,54923.0,1.8006
Bolu,2008,582187.0,140973.0,243.0,58219.0,2.4214
Bolu,2009,441978.0,108684.0,246.0,44198.0,2.459
Bolu,2010,516688.0,104195.0,202.0,51669.0,2.0166
Bolu,2011,524158.0,125038.0,239.0,52416.0,2.3855
Bolu,2012,501782.0,119703.0,239.0,50178.0,2.3856
Bolu,2013,480853.0,110600.0,230.0,48085.0,2.3001
Bolu,2014,474870.0,128495.0,271.0,47487.0,2.7059
Bolu,2015,469272.0,104105.0,222.0,46927.0,2.2184
Bolu,2016,480786.0,123863.0,258.0,48079.0,2.5762
Bolu,2017,509374.0,129276.0,254.0,50937.0,2.538
Bolu,2018,491068.0,112451.0,229.0,49107.0,2.2899
Bolu,2019,477763.0,108230.0,227.0,47776.0,2.2654
Bolu,2020,498926.0,148124.0,297.0,49893.0,2.9688
Bolu,2021,476012.0,146934.0,309.0,47601.0,3.0868
Bolu,2022,443964.0,126758.0,288.0,44396.0,2.8552
Bolu,2023,474934.0,144065.0,303.0,47493.0,3.0334
Bolu,2024,475425.0,153424.0,323.0,47542.0,3.2271
Burdur,2004,236510.0,53897.0,228.0,23651.0,2.2788
Burdur,2005,249610.0,50723.0,203.0,24961.0,2.0321
Burdur,2006,223339.0,48587.0,218.0,22334.0,2.1755
Burdur,2007,230695.0,44925.0,195.0,23070.0,1.9473
Burdur,2008,243774.0,60839.0,250.0,24377.0,2.4958
Burdur,2009,250616.0,62596.0,250.0,25062.0,2.4976
Burdur,2010,240811.0,53847.0,233.0,24081.0,2.2361
Burdur,2011,233828.0,61109.0,262.0,23383.0,2.6134
Burdur,2012,223211.0,54232.0,244.0,22321.0,2.4296
Burdur,2013,265999.0,71252.0,268.0,26600.0,2.6786
Burdur,2014,271818.0,64332.0,237.0,27182.0,2.3667
Burdur,2015,268446.0,59164.0,221.0,26845.0,2.2039
Burdur,2016,255253.0,61009.0,239.0,25525.0,2.3902
Burdur,2017,240017.0,57043.0,238.0,24002.0,2.3766
Burdur,2018,205804.0,52631.0,256.0,20580.0,2.5574
Burdur,2019,172165.0,42215.0,246.0,17216.0,2.4521
Burdur,2020,176194.0,48096.0,273.0,17619.0,2.7298
Burdur,2021,196620.0,39653.0,209.0,19662.0,2.0167
Burdur,2022,184427.0,40736.0,221.0,18443.0,2.2088
Burdur,2023,201866.0,53685.0,266.0,20187.0,2.6594
Burdur,2024,215974.0,33353.0,157.0,21597.0,1.5443
Bursa,2004,1212980.0,317318.0,262.0,121298.0,2.616
Bursa,2005,1198030.0,332112.0,278.0,119803.0,2.7722
Bursa,2006,1097543.0,307658.0,280.0,109754.0,2.8032
Bursa,2007,1041036.0,305080.0,293.0,104104.0,2.9305
Bursa,2008,1060305.0,326440.0,308.0,106030.0,3.0788
Bursa,2009,993235.0,291558.0,294.0,99324.0,2.9354
Bursa,2010,868365.0,166945.0,233.0,86836.0,1.9225
Bursa,2011,854336.0,231272.0,271.0,85434.0,2.707
Bursa,2012,800627.0,214039.0,267.0,80063.0,2.6734
Bursa,2013,798100.0,209651.0,263.0,79810.0,2.6269
Bursa,2014,778888.0,231424.0,297.0,77889.0,2.9712
Bursa,2015,717452.0,193734.0,270.0,71745.0,2.7003
Bursa,2016,730379.0,199583.0,273.0,73038.0,2.7326
Bursa,2017,738029.0,217186.0,294.0,73803.0,2.9428
Bursa,2018,673135.0,217662.0,323.0,67314.0,3.2335
Bursa,2019,614867.0,197183.0,321.0,61487.0,3.2069
Bursa,2020,548519.0,199635.0,364.0,54852.0,3.6395
Bursa,2021,525639.0,211013.0,401.0,52564.0,4.0144
Bursa,2022,526810.0,198666.0,377.0,52681.0,3.7711
Bursa,2023,541745.0,163407.0,302.0,54174.0,3.0163
Bursa,2024,484110.0,137405.0,284.0,48411.0,2.8383
Denizli,2004,483150.0,130769.0,271.0,48315.0,2.7066
Denizli,2005,459310.0,112559.0,248.0,45931.0,2.4506
Denizli,2006,459313.0,152337.0,332.0,45931.0,3.3166
Denizli,2007,453433.0,110964.0,247.0,45343.0,2.4472
Denizli,2008,482595.0,143868.0,299.0,48260.0,2.9811
Denizli,2009,497116.0,144228.0,290.0,49712.0,2.9013
Denizli,2010,459578.0,127116.0,277.0,45958.0,2.7659
Denizli,2011,464077.0,149231.0,322.0,46408.0,3.2156
Denizli,2012,430182.0,161094.0,374.0,43018.0,3.7448
Denizli,2013,454637.0,169659.0,373.0,45464.0,3.7317
Denizli,2014,472845.0,154925.0,328.0,47284.0,3.2765
Denizli,2015,464540.0,149768.0,323.0,46454.0,3.224
Denizli,2016,426635.0,132808.0,311.0,42664.0,3.1129
Denizli,2017,414063.0,131213.0,317.0,41406.0,3.1689
Denizli,2018,400360.0,120832.0,302.0,40036.0,3.0181
Denizli,2019,396077.0,117801.0,297.0,39608.0,2.9742
Denizli,2020,379269.0,120419.0,318.0,37927.0,3.175
Denizli,2021,348545.0,59317.0,171.0,34854.0,1.7019
Denizli,2022,345771.0,109092.0,316.0,34577.0,3.155
Denizli,2023,387086.0,110846.0,286.0,38709.0,2.8636
Denizli,2024,330715.0,65694.0,199.0,33072.0,1.9864
Diyarbakır,2004,1618660.0,380068.0,235.0,161866.0,2.348
Diyarbakır,2005,1691940.0,393355.0,235.0,169194.0,2.3249
Diyarbakır,2006,1583142.0,453241.0,286.0,158314.0,2.8629
Diyarbakır,2007,1585168.0,465637.0,294.0,158517.0,2.9375
Diyarbakır,2008,1728371.0,149763.0,173.0,172837.0,0.8665
Diyarbakır,2009,2132835.0,566544.0,266.0,213284.0,2.6563
Diyarbakır,2010,2163290.0,610735.0,282.0,216329.0,2.8232
Diyarbakır,2011,2173079.0,685240.0,315.0,217308.0,3.1533
Diyarbakır,2012,1993324.0,608746.0,305.0,199332.0,3.0539
Diyarbakır,2013,2134461.0,699823.0,328.0,213446.0,3.2787
Diyarbakır,2014,2757567.0,760558.0,276.0,275757.0,2.7581
Diyarbakır,2015,2960183.0,915292.0,309.0,296018.0,3.092
Diyarbakır,2016,2638909.0,845105.0,320.0,263891.0,3.2025
Diyarbakır,2017,2396046.0,814675.0,340.0,239605.0,3.4001
Diyarbakır,2018,2323470.0,728016.0,313.0,232347.0,3.1333
Diyarbakır,2019,2325979.0,757671.0,326.0,232598.0,3.2574
Diyarbakır,2020,1934241.0,717351.0,371.0,193424.0,3.7087
Diyarbakır,2021,2141467.0,400326.0,191.0,214147.0,1.8694
Diyarbakır,2022,1944340.0,545436.0,281.0,194434.0,2.8053
Diyarbakır,2023,1908651.0,680178.0,356.0,190865.0,3.5637
Diyarbakır,2024,2009824.0,703187.0,355.0,200982.0,3.4988
Düzce,2004,121140.0,29587.0,244.0,12114.0,2.4424
Düzce,2005,109390.0,27026.0,247.0,10939.0,2.4706
Düzce,2006,86278.0,22841.0,266.0,8628.0,2.6473
Düzce,2007,80046.0,21509.0,269.0,8005.0,2.6869
Düzce,2008,77423.0,20968.0,271.0,7742.0,2.7083
Düzce,2009,89405.0,23778.0,266.0,8940.0,2.6597
Düzce,2010,15712.0,4056.0,258.0,1571.0,2.5818
Düzce,2011,14131.0,3573.0,253.0,1413.0,2.5287
Düzce,2012,13051.0,3948.0,303.0,1305.0,3.0253
Düzce,2013,12228.0,2950.0,241.0,1223.0,2.4121
Düzce,2014,10946.0,2509.0,229.0,1095.0,2.2913
Düzce,2015,9456.0,2238.0,237.0,946.0,2.3658
Düzce,2016,9322.0,2158.0,231.0,932.0,2.3155
Düzce,2017,9068.0,2105.0,232.0,907.0,2.3208
Düzce,2018,8865.0,2324.0,262.0,886.0,2.623
Düzce,2019,8130.0,2166.0,266.0,813.0,2.6642
Düzce,2020,9592.0,2630.0,274.0,959.0,2.7424
Düzce,2021,8819.0,2702.0,306.0,882.0,3.0635
Düzce,2022,7948.0,1917.0,241.0,795.0,2.4113
Düzce,2023,8968.0,1757.0,200.0,897.0,1.9588
Düzce,2024,8215.0,2050.0,250.0,822.0,2.4939
Edirne,2004,1961610.0,629379.0,321.0,196161.0,3.2085
Edirne,2005,1971510.0,693353.0,352.0,197151.0,3.5169
Edirne,2006,1859743.0,604656.0,325.0,185974.0,3.2513
Edirne,2007,1683356.0,706750.0,420.0,168336.0,4.1984
Edirne,2008,1593529.0,672274.0,422.0,159353.0,4.2188
Edirne,2009,1522547.0,522973.0,343.0,152255.0,3.4348
Edirne,2010,1731589.0,691718.0,399.0,173159.0,3.9947
Edirne,2011,1492870.0,451743.0,303.0,149287.0,3.026
Edirne,2012,1322160.0,601804.0,455.0,132216.0,4.5517
Edirne,2013,1392230.0,508624.0,365.0,139223.0,3.6533
Edirne,2014,1456956.0,618207.0,424.0,145696.0,4.2431
Edirne,2015,1372357.0,488125.0,356.0,137236.0,3.5568
Edirne,2016,1442775.0,522970.0,362.0,144278.0,3.6247
Edirne,2017,1396181.0,505460.0,362.0,139618.0,3.6203
Edirne,2018,1393895.0,482849.0,346.0,139390.0,3.464
Edirne,2019,1304398.0,497094.0,381.0,130440.0,3.8109
Edirne,2020,1336025.0,478412.0,358.0,133602.0,3.5809
Edirne,2021,1352661.0,641384.0,474.0,135266.0,4.7416
Edirne,2022,1284930.0,522535.0,407.0,128493.0,4.0666
Edirne,2023,1351806.0,724119.0,536.0,135181.0,5.3567
Edirne,2024,1412420.0,547866.0,388.0,141242.0,3.8789
Elazığ,2004,254580.0,70053.0,275.0,25458.0,2.7517
Elazığ,2005,255340.0,53119.0,208.0,25534.0,2.0803
Elazığ,2006,541202.0,137346.0,254.0,54120.0,2.5378
Elazığ,2007,467234.0,119648.0,256.0,46723.0,2.5608
Elazığ,2008,522809.0,110832.0,214.0,52281.0,2.1199
Elazığ,2009,501753.0,109276.0,218.0,50175.0,2.1779
Elazığ,2010,485522.0,110341.0,227.0,48552.0,2.2726
Elazığ,2011,486380.0,122363.0,254.0,48638.0,2.5158
Elazığ,2012,452590.0,112298.0,248.0,45259.0,2.4812
Elazığ,2013,397554.0,85430.0,215.0,39755.0,2.1489
Elazığ,2014,419143.0,71123.0,170.0,41914.0,1.6969
Elazığ,2015,409148.0,116006.0,284.0,40915.0,2.8353
Elazığ,2016,402554.0,90000.0,224.0,40255.0,2.2357
Elazığ,2017,414951.0,96182.0,232.0,41495.0,2.3179
Elazığ,2018,407322.0,82423.0,202.0,40732.0,2.0235
Elazığ,2019,419854.0,110155.0,262.0,41985.0,2.6237
Elazığ,2020,445928.0,128896.0,289.0,44593.0,2.8905
Elazığ,2021,450321.0,93845.0,208.0,45032.0,2.084
Elazığ,2022,422154.0,120004.0,284.0,42215.0,2.8427
Elazığ,2023,410332.0,106836.0,260.0,41033.0,2.6037
Elazığ,2024,405254.0,117079.0,289.0,40525.0,2.8891
Erzincan,2004,543230.0,104777.0,193.0,54323.0,1.9288
Erzincan,2005,575370.0,113264.0,197.0,57537.0,1.9685
Erzincan,2006,543199.0,120112.0,221.0,54320.0,2.2112
Erzincan,2007,513920.0,116193.0,226.0,51392.0,2.2609
Erzincan,2008,534763.0,117373.0,219.0,53476.0,2.1949
Erzincan,2009,508747.0,105677.0,208.0,50875.0,2.0772
Erzincan,2010,391279.0,73172.0,187.0,39128.0,1.8701
Erzincan,2011,397268.0,95341.0,240.0,39727.0,2.3999
Erzincan,2012,422858.0,100136.0,237.0,42286.0,2.3681
Erzincan,2013,401133.0,82752.0,206.0,40113.0,2.063
Erzincan,2014,397106.0,65391.0,166.0,39711.0,1.6467
Erzincan,2015,391693.0,81004.0,207.0,39169.0,2.0681
Erzincan,2016,401059.0,91573.0,228.0,40106.0,2.2833
Erzincan,2017,333050.0,68160.0,205.0,33305.0,2.0465
Erzincan,2018,292181.0,75826.0,260.0,29218.0,2.5952
Erzincan,2019,308555.0,73717.0,240.0,30856.0,2.3891
Erzincan,2020,319203.0,94257.0,295.0,31920.0,2.9529
Erzincan,2021,354120.0,81572.0,245.0,35412.0,2.3035
Erzincan,2022,380959.0,123120.0,323.0,38096.0,3.2318
Erzincan,2023,387385.0,110123.0,284.0,38738.0,2.8428
Erzincan,2024,434471.0,133589.0,307.0,43447.0,3.0748
Erzurum,2004,1497330.0,156970.0,105.0,149733.0,1.0483
Erzurum,2005,1464170.0,159712.0,109.0,146417.0,1.0908
Erzurum,2006,1251414.0,145461.0,116.0,125141.0,1.1624
Erzurum,2007,1063532.0,144963.0,136.0,106353.0,1.363
Erzurum,2008,1074124.0,136041.0,133.0,107412.0,1.2665
Erzurum,2009,1048832.0,139994.0,134.0,104883.0,1.3348
Erzurum,2010,1038723.0,148455.0,143.0,103872.0,1.4292
Erzurum,2011,1127606.0,156787.0,139.0,112761.0,1.3904
Erzurum,2012,1175674.0,188505.0,160.0,117567.0,1.6034
Erzurum,2013,1188558.0,215903.0,182.0,118856.0,1.8165
Erzurum,2014,1167255.0,196829.0,169.0,116726.0,1.6862
Erzurum,2015,1157049.0,192966.0,167.0,115705.0,1.6677
Erzurum,2016,1139722.0,196918.0,173.0,113972.0,1.7278
Erzurum,2017,1156249.0,192047.0,166.0,115625.0,1.6609
Erzurum,2018,1125368.0,192876.0,171.0,112537.0,1.7139
Erzurum,2019,1043469.0,167796.0,161.0,104347.0,1.6081
Erzurum,2020,1058294.0,168333.0,159.0,105829.0,1.5906
Erzurum,2021,984290.0,108881.0,141.0,98429.0,1.1062
Erzurum,2022,963072.0,243404.0,253.0,96307.0,2.5274
Erzurum,2023,943598.0,266318.0,282.0,94360.0,2.8224
Erzurum,2024,1036949.0,267534.0,258.0,103695.0,2.58
Eskişehir,2004,1889640.0,486477.0,257.0,188964.0,2.5744
Eskişehir,2005,1777540.0,461140.0,259.0,177754.0,2.5943
Eskişehir,2006,1746619.0,399103.0,229.0,174662.0,2.285
Eskişehir,2007,1777665.0,324492.0,186.0,177766.0,1.8254
Eskişehir,2008,1783961.0,308279.0,189.0,178396.0,1.7281
Eskişehir,2009,1539745.0,373134.0,243.0,153974.0,2.4234
Eskişehir,2010,1556220.0,353712.0,229.0,155622.0,2.2729
Eskişehir,2011,1648897.0,438459.0,269.0,164890.0,2.6591
Eskişehir,2012,1525305.0,426119.0,279.0,152530.0,2.7937
Eskişehir,2013,1854980.0,545775.0,294.0,185498.0,2.9422
Eskişehir,2014,1841054.0,365672.0,216.0,184105.0,1.9862
Eskişehir,2015,1816375.0,494180.0,272.0,181638.0,2.7207
Eskişehir,2016,1829426.0,575430.0,315.0,182943.0,3.1454
Eskişehir,2017,1931220.0,538796.0,279.0,193122.0,2.7899
Eskişehir,2018,1811375.0,526919.0,291.0,181138.0,2.9089
Eskişehir,2019,1841973.0,501362.0,273.0,184197.0,2.7219
Eskişehir,2020,1701645.0,459296.0,272.0,170164.0,2.6991
Eskişehir,2021,1610017.0,389972.0,242.0,161002.0,2.4222
Eskişehir,2022,1558939.0,449841.0,289.0,155894.0,2.8856
Eskişehir,2023,1754951.0,603160.0,344.0,175495.0,3.4369
Eskişehir,2024,1790438.0,575785.0,322.0,179044.0,3.2159
Gaziantep,2004,511300.0,151385.0,296.0,51130.0,2.9608
Gaziantep,2005,474940.0,150206.0,316.0,47494.0,3.1626
Gaziantep,2006,439066.0,147510.0,336.0,43907.0,3.3596
Gaziantep,2007,539079.0,196835.0,365.0,53908.0,3.6513
Gaziantep,2008,457102.0,71601.0,238.0,45710.0,1.5664
Gaziantep,2009,488475.0,159364.0,327.0,48848.0,3.2624
Gaziantep,2010,480772.0,156208.0,325.0,48077.0,3.2491
Gaziantep,2011,434048.0,155165.0,359.0,43405.0,3.5748
Gaziantep,2012,538301.0,191702.0,356.0,53830.0,3.5612
Gaziantep,2013,507367.0,179031.0,353.0,50737.0,3.5286
Gaziantep,2014,530064.0,106322.0,216.0,53006.0,2.0058
Gaziantep,2015,548200.0,223040.0,407.0,54820.0,4.0686
Gaziantep,2016,517363.0,133984.0,264.0,51736.0,2.5898
Gaziantep,2017,519109.0,203226.0,392.0,51911.0,3.9149
Gaziantep,2018,482380.0,192171.0,398.0,48238.0,3.9838
Gaziantep,2019,506700.0,206011.0,407.0,50670.0,4.0657
Gaziantep,2020,502301.0,206751.0,412.0,50230.0,4.1161
Gaziantep,2021,471799.0,189651.0,402.0,47180.0,4.0197
Gaziantep,2022,454304.0,157864.0,347.0,45430.0,3.4749
Gaziantep,2023,447737.0,197484.0,441.0,44774.0,4.4107
Gaziantep,2024,451835.0,187575.0,415.0,45184.0,4.1514
Giresun,2004,129960.0,17993.0,138.0,12996.0,1.3845
Giresun,2005,135980.0,18741.0,138.0,13598.0,1.3782
Giresun,2006,135526.0,19118.0,141.0,13553.0,1.4106
Giresun,2007,110715.0,15832.0,143.0,11072.0,1.4299
Giresun,2008,115317.0,16210.0,141.0,11532.0,1.4057
Giresun,2009,109346.0,13737.0,126.0,10935.0,1.2562
Giresun,2010,105345.0,14190.0,135.0,10534.0,1.3471
Giresun,2011,107627.0,15180.0,141.0,10763.0,1.4104
Giresun,2012,11776.0,1413.0,120.0,1178.0,1.1995
Giresun,2013,108144.0,17961.0,166.0,10814.0,1.6609
Giresun,2014,107518.0,10345.0,96.0,10752.0,0.9621
Giresun,2015,107053.0,17533.0,164.0,10705.0,1.6378
Giresun,2016,106950.0,17063.0,160.0,10695.0,1.5954
Giresun,2017,107800.0,17992.0,167.0,10780.0,1.669
Giresun,2018,100137.0,15368.0,154.0,10014.0,1.5347
Giresun,2019,66050.0,7126.0,108.0,6605.0,1.0789
Giresun,2020,75870.0,15457.0,204.0,7587.0,2.0373
Giresun,2021,66150.0,2807.0,42.0,6615.0,0.4243
Giresun,2022,68200.0,18762.0,275.0,6820.0,2.751
Giresun,2023,68200.0,9258.0,136.0,6820.0,1.3575
Giresun,2024,71200.0,17588.0,247.0,7120.0,2.4702
Gümüşhane,2004,240530.0,38831.0,161.0,24053.0,1.6144
Gümüşhane,2005,238450.0,37172.0,156.0,23845.0,1.5589
Gümüşhane,2006,230208.0,36462.0,159.0,23021.0,1.5839
Gümüşhane,2007,200792.0,32249.0,161.0,20079.0,1.6061
Gümüşhane,2008,184414.0,29161.0,158.0,18441.0,1.5813
Gümüşhane,2009,186501.0,25877.0,139.0,18650.0,1.3875
Gümüşhane,2010,183739.0,22928.0,125.0,18374.0,1.2479
Gümüşhane,2011,186922.0,22373.0,120.0,18692.0,1.1969
Gümüşhane,2012,180463.0,34566.0,192.0,18046.0,1.9154
Gümüşhane,2013,173961.0,28838.0,166.0,17396.0,1.6577
Gümüşhane,2014,182139.0,27031.0,148.0,18214.0,1.4841
Gümüşhane,2015,178975.0,37265.0,208.0,17898.0,2.0821
Gümüşhane,2016,178026.0,37328.0,210.0,17803.0,2.0967
Gümüşhane,2017,178210.0,39289.0,220.0,17821.0,2.2046
Gümüşhane,2018,173876.0,37992.0,219.0,17388.0,2.185
Gümüşhane,2019,178055.0,37932.0,213.0,17806.0,2.1303
Gümüşhane,2020,183439.0,40566.0,221.0,18344.0,2.2114
Gümüşhane,2021,185830.0,27987.0,173.0,18583.0,1.5061
Gümüşhane,2022,237397.0,69658.0,293.0,23740.0,2.9342
Gümüşhane,2023,239890.0,64613.0,269.0,23989.0,2.6934
Gümüşhane,2024,223890.0,59336.0,265.0,22389.0,2.6502
Hakkari,2004,80610.0,8758.0,112.0,8061.0,1.0865
Hakkari,2005,163460.0,19687.0,120.0,16346.0,1.2044
Hakkari,2006,142302.0,17921.0,130.0,14230.0,1.2594
Hakkari,2007,146941.0,19928.0,140.0,14694.0,1.3562
Hakkari,2008,134889.0,18775.0,142.0,13489.0,1.3919
Hakkari,2009,126177.0,19043.0,151.0,12618.0,1.5092
Hakkari,2010,113936.0,17255.0,151.0,11394.0,1.5144
Hakkari,2011,75602.0,10982.0,145.0,7560.0,1.4526
Hakkari,2012,62314.0,10274.0,165.0,6231.0,1.6489
Hakkari,2013,84971.0,10697.0,126.0,8497.0,1.2589
Hakkari,2014,95001.0,14045.0,148.0,9500.0,1.4784
Hakkari,2015,94988.0,11879.0,126.0,9499.0,1.2506
Hakkari,2016,96759.0,12465.0,129.0,9676.0,1.2882
Hakkari,2017,140610.0,14083.0,104.0,14061.0,1.0016
Hakkari,2018,128415.0,12033.0,94.0,12842.0,0.937
Hakkari,2019,121600.0,10583.0,88.0,12160.0,0.8703
Hakkari,2020,101098.0,12833.0,127.0,10110.0,1.2693
Hakkari,2021,69966.0,10613.0,152.0,6997.0,1.5168
Hakkari,2022,79403.0,11483.0,145.0,7940.0,1.4462
Hakkari,2023,64950.0,19204.0,296.0,6495.0,2.9567
Hakkari,2024,54036.0,11912.0,220.0,5404.0,2.2043
Hatay,2004,657840.0,198865.0,302.0,65784.0,3.023
Hatay,2005,714100.0,269410.0,377.0,71410.0,3.7727
Hatay,2006,754441.0,285927.0,379.0,75444.0,3.7899
Hatay,2007,743825.0,306991.0,413.0,74382.0,4.1272
Hatay,2008,919864.0,427801.0,465.0,91986.0,4.6507
Hatay,2009,976697.0,400909.0,410.0,97670.0,4.1047
Hatay,2010,880965.0,284672.0,323.0,88096.0,3.2314
Hatay,2011,780922.0,321584.0,412.0,78092.0,4.118
Hatay,2012,681106.0,252197.0,370.0,68111.0,3.7027
Hatay,2013,745300.0,307116.0,412.0,74530.0,4.1207
Hatay,2014,737492.0,235209.0,319.0,73749.0,3.1893
Hatay,2015,695467.0,287712.0,414.0,69547.0,4.1369
Hatay,2016,641705.0,250328.0,390.0,64170.0,3.901
Hatay,2017,608541.0,250083.0,411.0,60854.0,4.1096
Hatay,2018,555614.0,227649.0,410.0,55561.0,4.0973
Hatay,2019,512366.0,206407.0,403.0,51237.0,4.0285
Hatay,2020,514649.0,211238.0,410.0,51465.0,4.1045
Hatay,2021,525841.0,240270.0,457.0,52584.0,4.5693
Hatay,2022,474822.0,181000.0,381.0,47482.0,3.812
Hatay,2023,522370.0,169851.0,325.0,52237.0,3.2515
Hatay,2024,521106.0,173740.0,333.0,52111.0,3.334
Isparta,2004,294180.0,67197.0,228.0,29418.0,2.2842
Isparta,2005,201930.0,48967.0,242.0,20193.0,2.4249
Isparta,2006,177771.0,45632.0,257.0,17777.0,2.5669
Isparta,2007,184442.0,29047.0,161.0,18444.0,1.5749
Isparta,2008,190052.0,39192.0,207.0,19005.0,2.0622
Isparta,2009,196958.0,41371.0,210.0,19696.0,2.1005
Isparta,2010,171629.0,32109.0,187.0,17163.0,1.8708
Isparta,2011,147784.0,27775.0,188.0,14778.0,1.8795
Isparta,2012,183740.0,38293.0,208.0,18374.0,2.0841
Isparta,2013,175851.0,35963.0,205.0,17585.0,2.0451
Isparta,2014,212547.0,32851.0,176.0,21255.0,1.5456
Isparta,2015,216877.0,40689.0,188.0,21688.0,1.8761
Isparta,2016,219083.0,37794.0,173.0,21908.0,1.7251
Isparta,2017,215985.0,37993.0,176.0,21598.0,1.7591
Isparta,2018,214461.0,37422.0,174.0,21446.0,1.7449
Isparta,2019,193448.0,31534.0,163.0,19345.0,1.6301
Isparta,2020,216680.0,35291.0,163.0,21668.0,1.6287
Isparta,2021,178826.0,23879.0,138.0,17883.0,1.3353
Isparta,2022,161270.0,37754.0,234.0,16127.0,2.341
Isparta,2023,177850.0,47990.0,270.0,17785.0,2.6983
Isparta,2024,158753.0,35784.0,225.0,15875.0,2.2541
Iğdır,2004,273220.0,60571.0,225.0,27322.0,2.2169
Iğdır,2005,275070.0,60491.0,220.0,27507.0,2.1991
Iğdır,2006,254816.0,59846.0,235.0,25482.0,2.3486
Iğdır,2007,240915.0,54253.0,225.0,24092.0,2.2519
Iğdır,2008,266469.0,63068.0,237.0,26647.0,2.3668
Iğdır,2009,271816.0,64844.0,239.0,27182.0,2.3855
Iğdır,2010,228506.0,42726.0,187.0,22851.0,1.8698
Iğdır,2011,204297.0,50069.0,245.0,20430.0,2.4508
Iğdır,2012,177715.0,46544.0,262.0,17772.0,2.619
Iğdır,2013,175654.0,43181.0,246.0,17565.0,2.4584
Iğdır,2014,174494.0,42441.0,243.0,17449.0,2.4323
Iğdır,2015,197190.0,50742.0,257.0,19719.0,2.5733
Iğdır,2016,189480.0,46732.0,247.0,18948.0,2.4663
Iğdır,2017,216128.0,46255.0,214.0,21613.0,2.1401
Iğdır,2018,201560.0,43531.0,216.0,20156.0,2.1597
Iğdır,2019,201555.0,39247.0,195.0,20156.0,1.9472
Iğdır,2020,191770.0,56799.0,296.0,19177.0,2.9618
Iğdır,2021,134890.0,41438.0,307.0,13489.0,3.072
Iğdır,2022,134735.0,49260.0,366.0,13474.0,3.6559
Iğdır,2023,163200.0,51798.0,317.0,16320.0,3.1739
Iğdır,2024,172000.0,58309.0,339.0,17200.0,3.3901
Kahramanmaraş,2004,670160.0,133419.0,199.0,67016.0,1.9909
Kahramanmaraş,2005,750290.0,148793.0,198.0,75029.0,1.9831
Kahramanmaraş,2006,1253929.0,238499.0,191.0,125393.0,1.902
Kahramanmaraş,2007,1269328.0,244360.0,197.0,126933.0,1.9251
Kahramanmaraş,2008,1147950.0,213015.0,186.0,114795.0,1.8556
Kahramanmaraş,2009,1369091.0,298391.0,218.0,136909.0,2.1795
Kahramanmaraş,2010,1322744.0,261563.0,198.0,132274.0,1.9774
Kahramanmaraş,2011,1254816.0,321207.0,256.0,125482.0,2.5598
Kahramanmaraş,2012,903005.0,298777.0,331.0,90300.0,3.3087
Kahramanmaraş,2013,989009.0,324576.0,328.0,98901.0,3.2818
Kahramanmaraş,2014,995960.0,263182.0,264.0,99596.0,2.6425
Kahramanmaraş,2015,1077703.0,311365.0,289.0,107770.0,2.8892
Kahramanmaraş,2016,1019942.0,274491.0,270.0,101994.0,2.6912
Kahramanmaraş,2017,1037925.0,299152.0,288.0,103792.0,2.8822
Kahramanmaraş,2018,963512.0,311242.0,323.0,96351.0,3.2303
Kahramanmaraş,2019,808124.0,279950.0,346.0,80812.0,3.4642
Kahramanmaraş,2020,870616.0,327203.0,376.0,87062.0,3.7583
Kahramanmaraş,2021,858793.0,351559.0,409.0,85879.0,4.0937
Kahramanmaraş,2022,954130.0,325131.0,341.0,95413.0,3.4076
Kahramanmaraş,2023,879300.0,271454.0,309.0,87930.0,3.0872
Kahramanmaraş,2024,741248.0,232902.0,314.0,74125.0,3.142
Karabük,2004,222590.0,35561.0,160.0,22259.0,1.5976
Karabük,2005,182600.0,33141.0,181.0,18260.0,1.815
Karabük,2006,175047.0,32205.0,184.0,17505.0,1.8398
Karabük,2007,141980.0,25877.0,182.0,14198.0,1.8226
Karabük,2008,144729.0,28922.0,200.0,14473.0,1.9983
Karabük,2009,141443.0,25775.0,182.0,14144.0,1.8223
Karabük,2010,125577.0,18203.0,145.0,12558.0,1.4495
Karabük,2011,129859.0,22657.0,174.0,12986.0,1.7447
Karabük,2012,132722.0,23196.0,175.0,13272.0,1.7477
Karabük,2013,142081.0,22949.0,164.0,14208.0,1.6152
Karabük,2014,146949.0,31495.0,214.0,14695.0,2.1432
Karabük,2015,144062.0,24344.0,169.0,14406.0,1.6899
Karabük,2016,143255.0,23662.0,165.0,14326.0,1.6517
Karabük,2017,145557.0,20617.0,142.0,14556.0,1.4164
Karabük,2018,101330.0,15951.0,157.0,10133.0,1.5742
Karabük,2019,110710.0,17646.0,159.0,11071.0,1.5939
Karabük,2020,110920.0,27052.0,244.0,11092.0,2.4389
Karabük,2021,116723.0,22382.0,192.0,11672.0,1.9176
Karabük,2022,116867.0,26806.0,229.0,11687.0,2.2937
Karabük,2023,123974.0,25373.0,205.0,12397.0,2.0467
Karabük,2024,123739.0,24254.0,196.0,12374.0,1.9601
Karaman,2004,438600.0,100309.0,229.0,43860.0,2.287
Karaman,2005,499420.0,75644.0,164.0,49942.0,1.5146
Karaman,2006,389403.0,83108.0,213.0,38940.0,2.1343
Karaman,2007,382286.0,82361.0,215.0,38229.0,2.1544
Karaman,2008,382985.0,71821.0,195.0,38298.0,1.8753
Karaman,2009,384540.0,81568.0,212.0,38454.0,2.1212
Karaman,2010,336534.0,54425.0,162.0,33653.0,1.6172
Karaman,2011,351948.0,73613.0,209.0,35195.0,2.0916
Karaman,2012,344226.0,75288.0,219.0,34423.0,2.1871
Karaman,2013,356924.0,87777.0,246.0,35692.0,2.4593
Karaman,2014,364996.0,56964.0,169.0,36500.0,1.5607
Karaman,2015,394861.0,94191.0,239.0,39486.0,2.3854
Karaman,2016,391016.0,60325.0,182.0,39102.0,1.5428
Karaman,2017,375035.0,86863.0,232.0,37504.0,2.3161
Karaman,2018,359331.0,82933.0,231.0,35933.0,2.308
Karaman,2019,373042.0,76794.0,206.0,37304.0,2.0586
Karaman,2020,345132.0,83643.0,247.0,34513.0,2.4235
Karaman,2021,364805.0,60129.0,213.0,36480.0,1.6483
Karaman,2022,366756.0,70552.0,213.0,36676.0,1.9237
Karaman,2023,353965.0,72971.0,206.0,35396.0,2.0616
Karaman,2024,377961.0,68778.0,192.0,37796.0,1.8197
Kars,2004,829200.0,87097.0,105.0,82920.0,1.0504
Kars,2005,830440.0,71939.0,87.0,83044.0,0.8663
Kars,2006,823828.0,78246.0,95.0,82383.0,0.9498
Kars,2007,572175.0,66730.0,117.0,57218.0,1.1662
Kars,2008,666107.0,76706.0,115.0,66611.0,1.1516
Kars,2009,465850.0,48857.0,105.0,46585.0,1.0488
Kars,2010,504150.0,52650.0,104.0,50415.0,1.0443
Kars,2011,541308.0,58118.0,107.0,54131.0,1.0737
Kars,2012,519678.0,76677.0,148.0,51968.0,1.4755
Kars,2013,610471.0,82589.0,136.0,61047.0,1.3529
Kars,2014,656504.0,84039.0,128.0,65650.0,1.2801
Kars,2015,578190.0,94801.0,164.0,57819.0,1.6396
Kars,2016,467890.0,63684.0,136.0,46789.0,1.3611
Kars,2017,398155.0,48016.0,121.0,39816.0,1.2059
Kars,2018,325073.0,47409.0,146.0,32507.0,1.4584
Kars,2019,290668.0,33212.0,114.0,29067.0,1.1426
Kars,2020,304287.0,36672.0,121.0,30429.0,1.2052
Kars,2021,376767.0,16575.0,45.0,37677.0,0.4399
Kars,2022,579491.0,78397.0,135.0,57949.0,1.3529
Kars,2023,624600.0,188894.0,303.0,62460.0,3.0242
Kars,2024,632695.0,162514.0,257.0,63270.0,2.5686
Kastamonu,2004,950220.0,170325.0,179.0,95022.0,1.7925
Kastamonu,2005,949270.0,143326.0,151.0,94927.0,1.5099
Kastamonu,2006,889427.0,139389.0,157.0,88943.0,1.5672
Kastamonu,2007,809369.0,111814.0,138.0,80937.0,1.3815
Kastamonu,2008,818841.0,151165.0,185.0,81884.0,1.8461
Kastamonu,2009,764482.0,132478.0,173.0,76448.0,1.7329
Kastamonu,2010,697262.0,105008.0,151.0,69726.0,1.506
Kastamonu,2011,688794.0,112539.0,164.0,68879.0,1.6339
Kastamonu,2012,635863.0,103927.0,163.0,63586.0,1.6344
Kastamonu,2013,607099.0,100158.0,165.0,60710.0,1.6498
Kastamonu,2014,632081.0,107765.0,171.0,63208.0,1.7049
Kastamonu,2015,625456.0,97055.0,155.0,62546.0,1.5517
Kastamonu,2016,598605.0,96060.0,162.0,59860.0,1.6047
Kastamonu,2017,566900.0,101271.0,179.0,56690.0,1.7864
Kastamonu,2018,491208.0,90857.0,185.0,49121.0,1.8497
Kastamonu,2019,545082.0,108728.0,199.0,54508.0,1.9947
Kastamonu,2020,461189.0,87476.0,190.0,46119.0,1.8967
Kastamonu,2021,425831.0,96819.0,227.0,42583.0,2.2737
Kastamonu,2022,456556.0,93765.0,205.0,45656.0,2.0537
Kastamonu,2023,446773.0,88425.0,198.0,44677.0,1.9792
Kastamonu,2024,458592.0,102180.0,223.0,45859.0,2.2281
Kayseri,2004,2158880.0,391268.0,181.0,215888.0,1.8124
Kayseri,2005,1873330.0,334136.0,178.0,187333.0,1.7836
Kayseri,2006,1473238.0,282751.0,192.0,147324.0,1.9192
Kayseri,2007,1613400.0,262016.0,163.0,161340.0,1.624
Kayseri,2008,1650308.0,300543.0,183.0,165031.0,1.8211
Kayseri,2009,1578937.0,272549.0,173.0,157894.0,1.7262
Kayseri,2010,1593251.0,286009.0,180.0,159325.0,1.7951
Kayseri,2011,1593305.0,315628.0,198.0,159330.0,1.981
Kayseri,2012,1384326.0,281002.0,203.0,138433.0,2.0299
Kayseri,2013,1400885.0,357773.0,256.0,140088.0,2.5539
Kayseri,2014,1423181.0,305352.0,215.0,142318.0,2.1456
Kayseri,2015,1508385.0,373152.0,250.0,150838.0,2.4739
Kayseri,2016,1513672.0,375463.0,248.0,151367.0,2.4805
Kayseri,2017,1380766.0,298222.0,217.0,138077.0,2.1598
Kayseri,2018,1433668.0,335589.0,239.0,143367.0,2.3408
Kayseri,2019,1391036.0,325808.0,234.0,139104.0,2.3422
Kayseri,2020,1525915.0,362217.0,237.0,152592.0,2.3738
Kayseri,2021,1325094.0,267910.0,203.0,132509.0,2.0218
Kayseri,2022,1356989.0,316344.0,233.0,135699.0,2.3312
Kayseri,2023,1328997.0,416358.0,313.0,132900.0,3.1329
Kayseri,2024,1416505.0,431141.0,304.0,141650.0,3.0437
Kilis,2004,45880.0,7749.0,169.0,4588.0,1.689
Kilis,2005,40500.0,10687.0,264.0,4050.0,2.6388
Kilis,2006,37365.0,8177.0,219.0,3736.0,2.1887
Kilis,2007,59073.0,13827.0,234.0,5907.0,2.3408
Kilis,2008,61675.0,3493.0,57.0,6168.0,0.5663
Kilis,2009,59056.0,11057.0,187.0,5906.0,1.8722
Kilis,2010,56586.0,9899.0,175.0,5659.0,1.7492
Kilis,2011,172771.0,42729.0,247.0,17277.0,2.4732
Kilis,2012,162207.0,44612.0,275.0,16221.0,2.7503
Kilis,2013,123686.0,30990.0,251.0,12369.0,2.5055
Kilis,2014,145694.0,10837.0,74.0,14569.0,0.7438
Kilis,2015,149449.0,48104.0,322.0,14945.0,3.2187
Kilis,2016,148315.0,14979.0,101.0,14832.0,1.0099
Kilis,2017,165455.0,46417.0,281.0,16546.0,2.8053
Kilis,2018,137706.0,29596.0,215.0,13771.0,2.1492
Kilis,2019,134802.0,29540.0,219.0,13480.0,2.1914
Kilis,2020,139232.0,34254.0,246.0,13923.0,2.4602
Kilis,2021,140366.0,25184.0,179.0,14037.0,1.7941
Kilis,2022,134442.0,27325.0,203.0,13444.0,2.0325
Kilis,2023,132882.0,30523.0,230.0,13288.0,2.297
Kilis,2024,131100.0,30458.0,232.0,13110.0,2.3233
Kocaeli,2004,310780.0,76334.0,246.0,31078.0,2.4562
Kocaeli,2005,264190.0,71734.0,272.0,26419.0,2.7152
Kocaeli,2006,265946.0,65703.0,247.0,26595.0,2.4705
Kocaeli,2007,253439.0,68463.0,270.0,25344.0,2.7013
Kocaeli,2008,266891.0,72092.0,270.0,26689.0,2.7012
Kocaeli,2009,253390.0,55207.0,218.0,25339.0,2.1787
Kocaeli,2010,245994.0,52128.0,212.0,24599.0,2.1191
Kocaeli,2011,223772.0,46779.0,209.0,22377.0,2.0905
Kocaeli,2012,227249.0,52406.0,231.0,22725.0,2.3061
Kocaeli,2013,218971.0,72719.0,332.0,21897.0,3.321
Kocaeli,2014,218842.0,60333.0,276.0,21884.0,2.7569
Kocaeli,2015,224479.0,54868.0,244.0,22448.0,2.4442
Kocaeli,2016,225088.0,54608.0,243.0,22509.0,2.4261
Kocaeli,2017,239337.0,54258.0,227.0,23934.0,2.267
Kocaeli,2018,204738.0,44939.0,219.0,20474.0,2.1949
Kocaeli,2019,207845.0,46190.0,222.0,20784.0,2.2224
Kocaeli,2020,209715.0,42616.0,203.0,20972.0,2.032
Kocaeli,2021,210567.0,42429.0,201.0,21057.0,2.015
Kocaeli,2022,92818.0,26539.0,286.0,9282.0,2.8592
Kocaeli,2023,96720.0,20457.0,212.0,9672.0,2.1151
Kocaeli,2024,91812.0,21441.0,234.0,9181.0,2.3354
Konya,2004,4541680.0,875030.0,193.0,454168.0,1.9267
Konya,2005,4770270.0,823524.0,173.0,477027.0,1.7264
Konya,2006,4469151.0,1101390.0,248.0,446915.0,2.4644
Konya,2007,5353912.0,775363.0,159.0,535391.0,1.4482
Konya,2008,5126578.0,777161.0,160.0,512658.0,1.5159
Konya,2009,4630171.0,1201619.0,260.0,463017.0,2.5952
Konya,2010,4744651.0,1027260.0,217.0,474465.0,2.1651
Konya,2011,5242633.0,1753190.0,335.0,524263.0,3.3441
Konya,2012,4542829.0,1167607.0,257.0,454283.0,2.5702
Konya,2013,5255781.0,1690239.0,324.0,525578.0,3.216
Konya,2014,5226966.0,1351959.0,263.0,522697.0,2.5865
Konya,2015,4863382.0,1696326.0,349.0,486338.0,3.488
Konya,2016,4979732.0,1278320.0,261.0,497973.0,2.567
Konya,2017,4999298.0,1419442.0,284.0,499930.0,2.8393
Konya,2018,4562337.0,1363378.0,300.0,456234.0,2.9883
Konya,2019,4111761.0,1271728.0,309.0,411176.0,3.0929
Konya,2020,4234024.0,1301497.0,307.0,423402.0,3.0739
Konya,2021,4021324.0,1098193.0,276.0,402132.0,2.7309
Konya,2022,3951394.0,1313200.0,335.0,395139.0,3.3234
Konya,2023,4038312.0,1556550.0,386.0,403831.0,3.8545
Konya,2024,4505485.0,1294736.0,323.0,450548.0,2.8737
Kütahya,2004,1355250.0,302308.0,223.0,135525.0,2.2306
Kütahya,2005,1480480.0,318201.0,215.0,148048.0,2.1493
Kütahya,2006,1360082.0,314696.0,231.0,136008.0,2.3138
Kütahya,2007,1341807.0,253378.0,194.0,134181.0,1.8883
Kütahya,2008,1338038.0,294663.0,220.0,133804.0,2.2022
Kütahya,2009,1195682.0,249672.0,209.0,119568.0,2.0881
Kütahya,2010,1097019.0,194471.0,179.0,109702.0,1.7727
Kütahya,2011,1173627.0,230801.0,197.0,117363.0,1.9666
Kütahya,2012,1127235.0,222435.0,197.0,112724.0,1.9733
Kütahya,2013,1093746.0,208120.0,190.0,109375.0,1.9028
Kütahya,2014,1055423.0,229322.0,218.0,105542.0,2.1728
Kütahya,2015,1076617.0,171431.0,159.0,107662.0,1.5923
Kütahya,2016,998661.0,163528.0,164.0,99866.0,1.6375
Kütahya,2017,1055210.0,251699.0,239.0,105521.0,2.3853
Kütahya,2018,1033417.0,199749.0,196.0,103342.0,1.9329
Kütahya,2019,1004237.0,183606.0,189.0,100424.0,1.8283
Kütahya,2020,1008021.0,205191.0,205.0,100802.0,2.0356
Kütahya,2021,969200.0,235298.0,243.0,96920.0,2.4278
Kütahya,2022,901451.0,200714.0,223.0,90145.0,2.2266
Kütahya,2023,895666.0,178517.0,201.0,89567.0,1.9931
Kütahya,2024,939875.0,196404.0,209.0,93988.0,2.0897
Kırklareli,2004,1389780.0,453402.0,326.0,138978.0,3.2624
Kırklareli,2005,1362670.0,451716.0,333.0,136267.0,3.3149
Kırklareli,2006,1273476.0,390007.0,306.0,127348.0,3.0625
Kırklareli,2007,1207941.0,462198.0,383.0,120794.0,3.8263
Kırklareli,2008,1234697.0,481042.0,390.0,123470.0,3.896
Kırklareli,2009,1178828.0,362672.0,308.0,117883.0,3.0765
Kırklareli,2010,1084522.0,307107.0,283.0,108452.0,2.8317
Kırklareli,2011,1127441.0,365081.0,324.0,112744.0,3.2381
Kırklareli,2012,1033267.0,415520.0,402.0,103327.0,4.0214
Kırklareli,2013,1162476.0,439110.0,378.0,116248.0,3.7774
Kırklareli,2014,1281535.0,521985.0,407.0,128154.0,4.0731
Kırklareli,2015,1191209.0,412341.0,346.0,119121.0,3.4615
Kırklareli,2016,1248174.0,475796.0,381.0,124817.0,3.8119
Kırklareli,2017,1264579.0,552431.0,437.0,126458.0,4.3685
Kırklareli,2018,1289680.0,503107.0,390.0,128968.0,3.901
Kırklareli,2019,1187839.0,467149.0,393.0,118784.0,3.9328
Kırklareli,2020,1192880.0,465177.0,390.0,119288.0,3.8996
Kırklareli,2021,1173635.0,540216.0,460.0,117364.0,4.6029
Kırklareli,2022,1121187.0,448115.0,400.0,112119.0,3.9968
Kırklareli,2023,1140970.0,431530.0,378.0,114097.0,3.7821
Kırklareli,2024,1202863.0,467029.0,395.0,120286.0,3.8827
Kırıkkale,2004,1327710.0,230625.0,174.0,132771.0,1.737
Kırıkkale,2005,1330630.0,274568.0,206.0,133063.0,2.0634
Kırıkkale,2006,1219218.0,230761.0,189.0,121922.0,1.8927
Kırıkkale,2007,1308596.0,112235.0,111.0,130860.0,0.8577
Kırıkkale,2008,1314076.0,131438.0,117.0,131408.0,1.0002
Kırıkkale,2009,1270083.0,301819.0,238.0,127008.0,2.3764
Kırıkkale,2010,1187318.0,251411.0,213.0,118732.0,2.1175
Kırıkkale,2011,1128442.0,267917.0,237.0,112844.0,2.3742
Kırıkkale,2012,1175889.0,252467.0,215.0,117589.0,2.147
Kırıkkale,2013,1117590.0,309843.0,277.0,111759.0,2.7724
Kırıkkale,2014,1150002.0,210966.0,237.0,115000.0,1.8345
Kırıkkale,2015,1153043.0,301905.0,262.0,115304.0,2.6183
Kırıkkale,2016,1114128.0,234396.0,258.0,111413.0,2.1038
Kırıkkale,2017,1230419.0,289158.0,235.0,123042.0,2.3501
Kırıkkale,2018,1177863.0,275400.0,234.0,117786.0,2.3381
Kırıkkale,2019,1134248.0,252185.0,226.0,113425.0,2.2234
Kırıkkale,2020,1059276.0,226052.0,214.0,105928.0,2.134
Kırıkkale,2021,1020134.0,113073.0,119.0,102013.0,1.1084
Kırıkkale,2022,999628.0,221706.0,225.0,99963.0,2.2179
Kırıkkale,2023,1070865.0,255974.0,239.0,107086.0,2.3904
Kırıkkale,2024,1160679.0,249618.0,215.0,116068.0,2.1506
Kırşehir,2004,687620.0,166763.0,243.0,68762.0,2.4252
Kırşehir,2005,699310.0,168661.0,241.0,69931.0,2.4118
Kırşehir,2006,672986.0,151497.0,225.0,67299.0,2.2511
Kırşehir,2007,782975.0,116773.0,149.0,78298.0,1.4914
Kırşehir,2008,758975.0,113527.0,150.0,75898.0,1.4958
Kırşehir,2009,938696.0,258347.0,276.0,93870.0,2.7522
Kırşehir,2010,1037316.0,260805.0,256.0,103732.0,2.5142
Kırşehir,2011,1044946.0,263617.0,252.0,104495.0,2.5228
Kırşehir,2012,1062471.0,237501.0,224.0,106247.0,2.2354
Kırşehir,2013,967083.0,275314.0,285.0,96708.0,2.8469
Kırşehir,2014,1077936.0,218957.0,203.0,107794.0,2.0313
Kırşehir,2015,961027.0,268296.0,282.0,96103.0,2.7918
Kırşehir,2016,917428.0,221691.0,242.0,91743.0,2.4164
Kırşehir,2017,892559.0,242352.0,272.0,89256.0,2.7152
Kırşehir,2018,793056.0,224966.0,284.0,79306.0,2.8367
Kırşehir,2019,576643.0,135144.0,234.0,57664.0,2.3436
Kırşehir,2020,503637.0,130031.0,258.0,50364.0,2.5818
Kırşehir,2021,571455.0,101479.0,178.0,57146.0,1.7758
Kırşehir,2022,592559.0,154704.0,261.0,59256.0,2.6108
Kırşehir,2023,767856.0,224189.0,292.0,76786.0,2.9197
Kırşehir,2024,725796.0,165144.0,228.0,72580.0,2.2753
Malatya,2004,290820.0,47011.0,162.0,29082.0,1.6165
Malatya,2005,552260.0,80986.0,147.0,55226.0,1.4664
Malatya,2006,580119.0,90223.0,156.0,58012.0,1.5552
Malatya,2007,554504.0,74876.0,135.0,55450.0,1.3503
Malatya,2008,568055.0,38003.0,96.0,56806.0,0.669
Malatya,2009,577785.0,77024.0,133.0,57778.0,1.3331
Malatya,2010,551932.0,79207.0,144.0,55193.0,1.4351
Malatya,2011,534130.0,82095.0,154.0,53413.0,1.537
Malatya,2012,540172.0,83327.0,154.0,54017.0,1.5426
Malatya,2013,531623.0,89882.0,169.0,53162.0,1.6907
Malatya,2014,484110.0,53617.0,124.0,48411.0,1.1075
Malatya,2015,465541.0,90799.0,195.0,46554.0,1.9504
Malatya,2016,462833.0,78961.0,171.0,46283.0,1.706
Malatya,2017,457570.0,72202.0,158.0,45757.0,1.5779
Malatya,2018,425745.0,62335.0,146.0,42574.0,1.4642
Malatya,2019,411708.0,90280.0,219.0,41171.0,2.1928
Malatya,2020,452856.0,87487.0,193.0,45286.0,1.9319
Malatya,2021,426439.0,61640.0,145.0,42644.0,1.4455
Malatya,2022,379082.0,77320.0,204.0,37908.0,2.0397
Malatya,2023,404382.0,110060.0,272.0,40438.0,2.7217
Malatya,2024,388488.0,92380.0,238.0,38849.0,2.3779
Manisa,2004,1239120.0,241635.0,195.0,123912.0,1.9501
Manisa,2005,1089780.0,218607.0,201.0,108978.0,2.006
Manisa,2006,1011939.0,215741.0,213.0,101194.0,2.132
Manisa,2007,910377.0,131709.0,145.0,91038.0,1.4467
Manisa,2008,931028.0,194190.0,209.0,93103.0,2.0858
Manisa,2009,948435.0,196766.0,207.0,94844.0,2.0746
Manisa,2010,921383.0,180150.0,196.0,92138.0,1.9552
Manisa,2011,965119.0,195974.0,203.0,96512.0,2.0306
Manisa,2012,870557.0,241546.0,277.0,87056.0,2.7746
Manisa,2013,895773.0,255934.0,286.0,89577.0,2.8571
Manisa,2014,916879.0,236345.0,258.0,91688.0,2.5777
Manisa,2015,893140.0,246093.0,276.0,89314.0,2.7554
Manisa,2016,877081.0,228227.0,260.0,87708.0,2.6021
Manisa,2017,911161.0,252742.0,277.0,91116.0,2.7738
Manisa,2018,869201.0,228989.0,264.0,86920.0,2.6345
Manisa,2019,864224.0,240453.0,278.0,86422.0,2.7823
Manisa,2020,946472.0,263982.0,279.0,94647.0,2.7891
Manisa,2021,864377.0,236512.0,276.0,86438.0,2.7362
Manisa,2022,836878.0,208911.0,257.0,83688.0,2.4963
Manisa,2023,787555.0,196620.0,250.0,78756.0,2.4966
Manisa,2024,776594.0,196893.0,254.0,77659.0,2.5354
Mardin,2004,344240.0,80079.0,233.0,34424.0,2.3263
Mardin,2005,252630.0,46437.0,184.0,25263.0,1.8381
Mardin,2006,212200.0,48777.0,230.0,21220.0,2.2986
Mardin,2007,196320.0,46026.0,234.0,19632.0,2.3444
Mardin,2008,212865.0,9132.0,398.0,21286.0,0.429
Mardin,2009,178158.0,30279.0,181.0,17816.0,1.6995
Mardin,2010,630599.0,197608.0,313.0,63060.0,3.1337
Mardin,2011,661508.0,202479.0,306.0,66151.0,3.0609
Mardin,2012,763399.0,291105.0,381.0,76340.0,3.8133
Mardin,2013,872599.0,332215.0,381.0,87260.0,3.8072
Mardin,2014,940526.0,332823.0,354.0,94053.0,3.5387
Mardin,2015,965447.0,360746.0,374.0,96545.0,3.7366
Mardin,2016,907895.0,320375.0,353.0,90790.0,3.5287
Mardin,2017,1026595.0,413032.0,402.0,102660.0,4.0233
Mardin,2018,1011510.0,317734.0,314.0,101151.0,3.1412
Mardin,2019,1044688.0,363608.0,348.0,104469.0,3.4805
Mardin,2020,955378.0,392505.0,411.0,95538.0,4.1084
Mardin,2021,898152.0,301541.0,336.0,89815.0,3.3574
Mardin,2022,857785.0,315842.0,368.0,85778.0,3.6821
Mardin,2023,916854.0,353485.0,386.0,91685.0,3.8554
Mardin,2024,921080.0,355886.0,386.0,92108.0,3.8638
Mersin,2004,1357160.0,256121.0,189.0,135716.0,1.8872
Mersin,2005,1310310.0,261043.0,199.0,131031.0,1.9922
Mersin,2006,1279170.0,310420.0,243.0,127917.0,2.4267
Mersin,2007,1125570.0,251130.0,223.0,112557.0,2.2311
Mersin,2008,1085298.0,243105.0,224.0,108530.0,2.24
Mersin,2009,1116850.0,231563.0,221.0,111685.0,2.0734
Mersin,2010,1025157.0,184106.0,180.0,102516.0,1.7959
Mersin,2011,1205392.0,245704.0,204.0,120539.0,2.0384
Mersin,2012,1072135.0,287224.0,268.0,107214.0,2.679
Mersin,2013,1207704.0,322047.0,267.0,120770.0,2.6666
Mersin,2014,1091507.0,234094.0,215.0,109151.0,2.1447
Mersin,2015,1057347.0,254867.0,241.0,105735.0,2.4104
Mersin,2016,1030781.0,217436.0,211.0,103078.0,2.1094
Mersin,2017,895044.0,220074.0,246.0,89504.0,2.4588
Mersin,2018,836411.0,218569.0,262.0,83641.0,2.6132
Mersin,2019,774830.0,207854.0,269.0,77483.0,2.6826
Mersin,2020,799607.0,222368.0,279.0,79961.0,2.781
Mersin,2021,729739.0,214594.0,294.0,72974.0,2.9407
Mersin,2022,696474.0,188166.0,270.0,69647.0,2.7017
Mersin,2023,695878.0,155826.0,224.0,69588.0,2.2393
Mersin,2024,680833.0,202928.0,298.0,68083.0,2.9806
Muğla,2004,479700.0,116100.0,242.0,47970.0,2.4203
Muğla,2005,498940.0,121188.0,243.0,49894.0,2.4289
Muğla,2006,494490.0,124283.0,251.0,49449.0,2.5134
Muğla,2007,464859.0,118273.0,254.0,46486.0,2.5443
Muğla,2008,481703.0,135679.0,282.0,48170.0,2.8167
Muğla,2009,496749.0,121569.0,245.0,49675.0,2.4473
Muğla,2010,462352.0,98636.0,216.0,46235.0,2.1334
Muğla,2011,466479.0,121415.0,261.0,46648.0,2.6028
Muğla,2012,426657.0,114501.0,268.0,42666.0,2.6837
Muğla,2013,396064.0,81855.0,207.0,39606.0,2.0667
Muğla,2014,395440.0,98727.0,250.0,39544.0,2.4966
Muğla,2015,383835.0,102176.0,266.0,38384.0,2.6619
Muğla,2016,377046.0,100475.0,266.0,37705.0,2.6648
Muğla,2017,390959.0,110440.0,282.0,39096.0,2.8248
Muğla,2018,377514.0,102898.0,273.0,37751.0,2.7257
Muğla,2019,352439.0,117539.0,334.0,35244.0,3.335
Muğla,2020,339753.0,123313.0,363.0,33975.0,3.6295
Muğla,2021,294118.0,79494.0,270.0,29412.0,2.7028
Muğla,2022,274120.0,77305.0,282.0,27412.0,2.8201
Muğla,2023,253249.0,74233.0,293.0,25325.0,2.9312
Muğla,2024,254565.0,70933.0,279.0,25456.0,2.7865
Muş,2004,1520710.0,181862.0,120.0,152071.0,1.1959
Muş,2005,1567140.0,198687.0,127.0,156714.0,1.2678
Muş,2006,1520484.0,185829.0,122.0,152048.0,1.2222
Muş,2007,1178889.0,149800.0,127.0,117889.0,1.2707
Muş,2008,1216383.0,130185.0,112.0,121638.0,1.0703
Muş,2009,1164735.0,139782.0,120.0,116474.0,1.2001
Muş,2010,1341603.0,221892.0,165.0,134160.0,1.6539
Muş,2011,1386612.0,227795.0,164.0,138661.0,1.6428
Muş,2012,1163205.0,172253.0,148.0,116320.0,1.4809
Muş,2013,1168378.0,199655.0,178.0,116838.0,1.7088
Muş,2014,1180377.0,212247.0,180.0,118038.0,1.7981
Muş,2015,1206053.0,232772.0,193.0,120605.0,1.93
Muş,2016,1165130.0,203088.0,174.0,116513.0,1.7431
Muş,2017,1263567.0,273321.0,216.0,126357.0,2.1631
Muş,2018,1199876.0,336631.0,281.0,119988.0,2.8055
Muş,2019,1157830.0,244499.0,211.0,115783.0,2.1117
Muş,2020,1115402.0,222970.0,200.0,111540.0,1.999
Muş,2021,1242537.0,199498.0,161.0,124254.0,1.6056
Muş,2022,1250000.0,344940.0,276.0,125000.0,2.7595
Muş,2023,1393167.0,410238.0,294.0,139317.0,2.9446
Muş,2024,1351970.0,368297.0,272.0,135197.0,2.7242
Nevşehir,2004,1159950.0,220291.0,190.0,115995.0,1.8991
Nevşehir,2005,1173150.0,253032.0,216.0,117315.0,2.1569
Nevşehir,2006,1164571.0,251977.0,216.0,116457.0,2.1637
Nevşehir,2007,1136411.0,160246.0,145.0,113641.0,1.4101
Nevşehir,2008,1166604.0,152723.0,146.0,116660.0,1.3091
Nevşehir,2009,1135456.0,233260.0,207.0,113546.0,2.0543
Nevşehir,2010,1153545.0,269674.0,234.0,115354.0,2.3378
Nevşehir,2011,1180653.0,321529.0,272.0,118065.0,2.7233
Nevşehir,2012,1103016.0,228814.0,207.0,110302.0,2.0744
Nevşehir,2013,1161834.0,296222.0,255.0,116183.0,2.5496
Nevşehir,2014,1181058.0,198020.0,168.0,118106.0,1.6766
Nevşehir,2015,1107205.0,292953.0,265.0,110720.0,2.6459
Nevşehir,2016,1071122.0,226034.0,211.0,107112.0,2.1103
Nevşehir,2017,1039814.0,208293.0,200.0,103981.0,2.0032
Nevşehir,2018,1013345.0,209118.0,206.0,101334.0,2.0637
Nevşehir,2019,927180.0,210031.0,227.0,92718.0,2.2653
Nevşehir,2020,881166.0,209389.0,238.0,88117.0,2.3763
Nevşehir,2021,841517.0,139036.0,165.0,84152.0,1.6522
Nevşehir,2022,889659.0,222653.0,250.0,88966.0,2.5027
Nevşehir,2023,922604.0,240334.0,260.0,92260.0,2.605
Nevşehir,2024,873956.0,209608.0,240.0,87396.0,2.3984
Niğde,2004,706710.0,117792.0,167.0,70671.0,1.6668
Niğde,2005,760630.0,131496.0,173.0,76063.0,1.7288
Niğde,2006,723113.0,132273.0,183.0,72311.0,1.8292
Niğde,2007,660551.0,94550.0,143.0,66055.0,1.4314
Niğde,2008,673018.0,103022.0,153.0,67302.0,1.5307
Niğde,2009,659655.0,136169.0,206.0,65966.0,2.0642
Niğde,2010,671425.0,137876.0,205.0,67142.0,2.0535
Niğde,2011,715787.0,172201.0,241.0,71579.0,2.4057
Niğde,2012,723955.0,173067.0,239.0,72396.0,2.3906
Niğde,2013,701131.0,214074.0,305.0,70113.0,3.0533
Niğde,2014,693910.0,129649.0,187.0,69391.0,1.8684
Niğde,2015,669831.0,210780.0,315.0,66983.0,3.1468
Niğde,2016,635248.0,162334.0,256.0,63525.0,2.5554
Niğde,2017,643822.0,174946.0,272.0,64382.0,2.7173
Niğde,2018,615917.0,202410.0,329.0,61592.0,3.2863
Niğde,2019,632290.0,214675.0,340.0,63229.0,3.3952
Niğde,2020,646233.0,212037.0,328.0,64623.0,3.2811
Niğde,2021,618670.0,167600.0,271.0,61867.0,2.709
Niğde,2022,610450.0,218066.0,357.0,61045.0,3.5722
Niğde,2023,621470.0,208171.0,335.0,62147.0,3.3497
Niğde,2024,587330.0,185797.0,316.0,58733.0,3.1634
Ordu,2004,138510.0,16159.0,117.0,13851.0,1.1666
Ordu,2005,138140.0,15184.0,110.0,13814.0,1.0992
Ordu,2006,122829.0,16420.0,134.0,12283.0,1.3368
Ordu,2007,87660.0,11165.0,127.0,8766.0,1.2737
Ordu,2008,89221.0,10805.0,121.0,8922.0,1.2111
Ordu,2009,74354.0,7584.0,102.0,7435.0,1.02
Ordu,2010,65850.0,6809.0,103.0,6585.0,1.034
Ordu,2011,67116.0,6728.0,100.0,6712.0,1.0024
Ordu,2012,67103.0,8363.0,125.0,6710.0,1.2463
Ordu,2013,66156.0,5983.0,90.0,6616.0,0.9043
Ordu,2014,66757.0,4666.0,70.0,6676.0,0.6989
Ordu,2015,37142.0,2561.0,69.0,3714.0,0.6896
Ordu,2016,30916.0,2441.0,79.0,3092.0,0.7895
Ordu,2017,28916.0,3312.0,115.0,2892.0,1.1452
Ordu,2018,28444.0,3407.0,120.0,2844.0,1.198
Ordu,2019,28722.0,3275.0,114.0,2872.0,1.1403
Ordu,2020,38310.0,5190.0,135.0,3831.0,1.3547
Ordu,2021,38325.0,5895.0,154.0,3832.0,1.5384
Ordu,2022,40125.0,5657.0,141.0,4012.0,1.41
Ordu,2023,41125.0,6943.0,169.0,4112.0,1.6885
Ordu,2024,42125.0,5298.0,126.0,4212.0,1.2578
Osmaniye,2004,915790.0,262588.0,287.0,91579.0,2.8673
Osmaniye,2005,913940.0,317460.0,347.0,91394.0,3.4735
Osmaniye,2006,842195.0,286319.0,340.0,84220.0,3.3997
Osmaniye,2007,802941.0,318981.0,397.0,80294.0,3.9727
Osmaniye,2008,754787.0,308456.0,409.0,75479.0,4.0866
Osmaniye,2009,756034.0,257416.0,341.0,75603.0,3.4048
Osmaniye,2010,826171.0,413639.0,501.0,82617.0,5.0067
Osmaniye,2011,688976.0,280280.0,407.0,68898.0,4.068
Osmaniye,2012,574912.0,211492.0,368.0,57491.0,3.6787
Osmaniye,2013,537323.0,184144.0,343.0,53732.0,3.4271
Osmaniye,2014,567828.0,172225.0,303.0,56783.0,3.033
Osmaniye,2015,527961.0,179202.0,339.0,52796.0,3.3942
Osmaniye,2016,510168.0,166234.0,326.0,51017.0,3.2584
Osmaniye,2017,466096.0,162730.0,349.0,46610.0,3.4913
Osmaniye,2018,459704.0,162305.0,353.0,45970.0,3.5307
Osmaniye,2019,470089.0,161829.0,345.0,47009.0,3.4425
Osmaniye,2020,516265.0,186342.0,361.0,51626.0,3.6095
Osmaniye,2021,460423.0,187538.0,407.0,46042.0,4.0732
Osmaniye,2022,382284.0,134252.0,351.0,38228.0,3.5119
Osmaniye,2023,365398.0,84175.0,230.0,36540.0,2.3036
Osmaniye,2024,372118.0,121531.0,327.0,37212.0,3.2659
Sakarya,2004,283660.0,84730.0,299.0,28366.0,2.987
Sakarya,2005,268430.0,79404.0,296.0,26843.0,2.9581
Sakarya,2006,228133.0,53624.0,235.0,22813.0,2.3506
Sakarya,2007,188184.0,57798.0,307.0,18818.0,3.0714
Sakarya,2008,182071.0,66545.0,365.0,18207.0,3.6549
Sakarya,2009,179700.0,48772.0,271.0,17970.0,2.7141
Sakarya,2010,164265.0,34983.0,213.0,16426.0,2.1297
Sakarya,2011,169798.0,42190.0,248.0,16980.0,2.4847
Sakarya,2012,178152.0,45213.0,254.0,17815.0,2.5379
Sakarya,2013,176296.0,42566.0,300.0,17630.0,2.4144
Sakarya,2014,179534.0,42587.0,240.0,17953.0,2.3721
Sakarya,2015,170444.0,37605.0,221.0,17044.0,2.2063
Sakarya,2016,134848.0,31242.0,232.0,13485.0,2.3168
Sakarya,2017,128692.0,32391.0,252.0,12869.0,2.517
Sakarya,2018,121660.0,31457.0,259.0,12166.0,2.5856
Sakarya,2019,104718.0,26275.0,251.0,10472.0,2.5091
Sakarya,2020,101511.0,26182.0,258.0,10151.0,2.5793
Sakarya,2021,87481.0,32772.0,375.0,8748.0,3.7462
Sakarya,2022,84645.0,27958.0,330.0,8464.0,3.3032
Sakarya,2023,85220.0,23565.0,277.0,8522.0,2.7652
Sakarya,2024,79563.0,20056.0,252.0,7956.0,2.5209
Samsun,2004,1407800.0,300638.0,214.0,140780.0,2.1355
Samsun,2005,1430760.0,339389.0,237.0,143076.0,2.3721
Samsun,2006,1297470.0,337254.0,260.0,129747.0,2.5993
Samsun,2007,1223043.0,368207.0,301.0,122304.0,3.0106
Samsun,2008,1271251.0,416373.0,328.0,127125.0,3.2753
Samsun,2009,1180318.0,343910.0,291.0,118032.0,2.9137
Samsun,2010,1030576.0,251907.0,244.0,103058.0,2.4443
Samsun,2011,1058582.0,302342.0,286.0,105858.0,2.8561
Samsun,2012,1036173.0,269627.0,260.0,103617.0,2.6022
Samsun,2013,1027520.0,280557.0,273.0,102752.0,2.7304
Samsun,2014,1094420.0,271098.0,248.0,109442.0,2.4771
Samsun,2015,1082200.0,325224.0,301.0,108220.0,3.0052
Samsun,2016,1072688.0,324411.0,302.0,107269.0,3.0243
Samsun,2017,1082887.0,314977.0,291.0,108289.0,2.9087
Samsun,2018,1036863.0,254114.0,245.0,103686.0,2.4508
Samsun,2019,1025862.0,293545.0,286.0,102586.0,2.8615
Samsun,2020,1073047.0,294198.0,274.0,107305.0,2.7417
Samsun,2021,963015.0,339133.0,352.0,96302.0,3.5216
Samsun,2022,987090.0,327704.0,332.0,98709.0,3.3199
Samsun,2023,994360.0,234905.0,236.0,99436.0,2.3624
Samsun,2024,984783.0,266124.0,270.0,98478.0,2.7024
Siirt,2004,259080.0,41800.0,161.0,25908.0,1.6134
Siirt,2005,260290.0,48647.0,187.0,26029.0,1.869
Siirt,2006,486566.0,92427.0,190.0,48657.0,1.8996
Siirt,2007,338630.0,86461.0,255.0,33863.0,2.5533
Siirt,2008,401990.0,16868.0,43.0,40199.0,0.4196
Siirt,2009,408314.0,97378.0,239.0,40831.0,2.3849
Siirt,2010,271866.0,64323.0,237.0,27187.0,2.3659
Siirt,2011,219424.0,50363.0,230.0,21942.0,2.2953
Siirt,2012,233396.0,60418.0,259.0,23340.0,2.5886
Siirt,2013,232681.0,60572.0,260.0,23268.0,2.6032
Siirt,2014,236869.0,61741.0,261.0,23687.0,2.6065
Siirt,2015,233893.0,59962.0,257.0,23389.0,2.5637
Siirt,2016,245287.0,60827.0,248.0,24529.0,2.4798
Siirt,2017,231424.0,59718.0,258.0,23142.0,2.5805
Siirt,2018,229386.0,59526.0,260.0,22939.0,2.595
Siirt,2019,223605.0,54186.0,242.0,22360.0,2.4233
Siirt,2020,209284.0,52003.0,248.0,20928.0,2.4849
Siirt,2021,185621.0,25685.0,138.0,18562.0,1.3837
Siirt,2022,178310.0,55227.0,310.0,17831.0,3.0972
Siirt,2023,183442.0,62125.0,339.0,18344.0,3.3867
Siirt,2024,194730.0,65916.0,338.0,19473.0,3.385
Sinop,2004,244400.0,38420.0,157.0,24440.0,1.572
Sinop,2005,221940.0,34984.0,158.0,22194.0,1.5763
Sinop,2006,208952.0,34714.0,166.0,20895.0,1.6614
Sinop,2007,232501.0,34317.0,148.0,23250.0,1.476
Sinop,2008,245060.0,47990.0,197.0,24506.0,1.9583
Sinop,2009,200984.0,32873.0,164.0,20098.0,1.6356
Sinop,2010,167420.0,37445.0,224.0,16742.0,2.2366
Sinop,2011,145509.0,31249.0,215.0,14551.0,2.1475
Sinop,2012,155271.0,35898.0,231.0,15527.0,2.312
Sinop,2013,154279.0,33021.0,214.0,15428.0,2.1403
Sinop,2014,155659.0,31665.0,203.0,15566.0,2.0342
Sinop,2015,147622.0,32576.0,221.0,14762.0,2.2067
Sinop,2016,145511.0,29854.0,205.0,14551.0,2.0517
Sinop,2017,158892.0,34364.0,216.0,15889.0,2.1628
Sinop,2018,155026.0,31917.0,206.0,15503.0,2.0588
Sinop,2019,156333.0,30791.0,197.0,15633.0,1.9696
Sinop,2020,164244.0,35272.0,215.0,16424.0,2.1476
Sinop,2021,165688.0,33468.0,202.0,16569.0,2.0199
Sinop,2022,146118.0,30058.0,206.0,14612.0,2.0571
Sinop,2023,173534.0,38267.0,221.0,17353.0,2.2052
Sinop,2024,169345.0,36526.0,216.0,16934.0,2.157
Sivas,2004,3414310.0,508344.0,150.0,341431.0,1.4889
Sivas,2005,3506100.0,585320.0,167.0,350610.0,1.6694
Sivas,2006,3327800.0,542067.0,163.0,332780.0,1.6289
Sivas,2007,2900942.0,372136.0,128.0,290094.0,1.2828
Sivas,2008,2350114.0,401783.0,171.0,235011.0,1.7096
Sivas,2009,2941822.0,531357.0,181.0,294182.0,1.8062
Sivas,2010,2795077.0,496376.0,178.0,279508.0,1.7759
Sivas,2011,2651180.0,680244.0,257.0,265118.0,2.5658
Sivas,2012,2843585.0,589671.0,207.0,284358.0,2.0737
Sivas,2013,2751032.0,665695.0,242.0,275103.0,2.4198
Sivas,2014,2813068.0,489728.0,174.0,281307.0,1.7409
Sivas,2015,2935062.0,742881.0,253.0,293506.0,2.5311
Sivas,2016,2695455.0,563469.0,209.0,269546.0,2.0904
Sivas,2017,2716764.0,531349.0,196.0,271676.0,1.9558
Sivas,2018,2630241.0,607995.0,231.0,263024.0,2.3116
Sivas,2019,2397095.0,523687.0,218.0,239710.0,2.1847
Sivas,2020,2290313.0,560413.0,245.0,229031.0,2.4469
Sivas,2021,2220740.0,361938.0,163.0,222074.0,1.6298
Sivas,2022,2221547.0,539189.0,243.0,222155.0,2.4271
Sivas,2023,2270482.0,560721.0,247.0,227048.0,2.4696
Sivas,2024,2301468.0,600016.0,261.0,230147.0,2.6071
Tekirdağ,2004,1929970.0,826376.0,428.0,192997.0,4.2818
Tekirdağ,2005,1918320.0,775976.0,405.0,191832.0,4.0451
Tekirdağ,2006,1775733.0,604370.0,340.0,177573.0,3.4035
Tekirdağ,2007,1647575.0,718437.0,436.0,164758.0,4.3606
Tekirdağ,2008,1697542.0,788540.0,465.0,169754.0,4.6452
Tekirdağ,2009,1631337.0,607620.0,372.0,163134.0,3.7247
Tekirdağ,2010,1581457.0,508482.0,322.0,158146.0,3.2153
Tekirdağ,2011,1671047.0,592982.0,355.0,167105.0,3.5486
Tekirdağ,2012,1593275.0,779347.0,489.0,159328.0,4.8915
Tekirdağ,2013,1683887.0,631164.0,378.0,168389.0,3.7482
Tekirdağ,2014,1724123.0,737284.0,430.0,172412.0,4.2763
Tekirdağ,2015,1841841.0,744257.0,407.0,184184.0,4.0408
Tekirdağ,2016,1924983.0,825714.0,429.0,192498.0,4.2895
Tekirdağ,2017,1922560.0,882674.0,459.0,192256.0,4.5911
Tekirdağ,2018,1877991.0,637685.0,340.0,187799.0,3.3956
Tekirdağ,2019,1899117.0,857020.0,451.0,189912.0,4.5127
Tekirdağ,2020,1966333.0,769915.0,392.0,196633.0,3.9155
Tekirdağ,2021,1924125.0,1026611.0,534.0,192412.0,5.3355
Tekirdağ,2022,1927820.0,811950.0,421.0,192782.0,4.2118
Tekirdağ,2023,1959732.0,687601.0,351.0,195973.0,3.5087
Tekirdağ,2024,1933066.0,809729.0,419.0,193307.0,4.1888
Tokat,2004,1141870.0,262403.0,230.0,114187.0,2.298
Tokat,2005,1139350.0,251211.0,220.0,113935.0,2.2049
Tokat,2006,1142315.0,269876.0,236.0,114232.0,2.3625
Tokat,2007,1111815.0,196587.0,183.0,111182.0,1.7682
Tokat,2008,1147102.0,332549.0,290.0,114710.0,2.899
Tokat,2009,1114678.0,283394.0,254.0,111468.0,2.5424
Tokat,2010,1123352.0,272708.0,243.0,112335.0,2.4276
Tokat,2011,1213198.0,328193.0,271.0,121320.0,2.7052
Tokat,2012,1204794.0,300614.0,250.0,120479.0,2.4952
Tokat,2013,1139989.0,283235.0,248.0,113999.0,2.4845
Tokat,2014,1202546.0,215785.0,179.0,120255.0,1.7944
Tokat,2015,1228053.0,342867.0,279.0,122805.0,2.792
Tokat,2016,1167116.0,315144.0,270.0,116712.0,2.7002
Tokat,2017,1181512.0,284425.0,241.0,118151.0,2.4073
Tokat,2018,1138533.0,255397.0,224.0,113853.0,2.2432
Tokat,2019,1132976.0,277069.0,245.0,113298.0,2.4455
Tokat,2020,1186681.0,266945.0,225.0,118668.0,2.2495
Tokat,2021,1167717.0,239325.0,205.0,116772.0,2.0495
Tokat,2022,1148857.0,248047.0,216.0,114886.0,2.1591
Tokat,2023,1165750.0,180736.0,155.0,116575.0,1.5504
Tokat,2024,1449477.0,358280.0,247.0,144948.0,2.4718
Tunceli,2004,257880.0,29107.0,113.0,25788.0,1.1287
Tunceli,2005,209790.0,19767.0,94.0,20979.0,0.9422
Tunceli,2006,200039.0,19093.0,95.0,20004.0,0.9545
Tunceli,2007,142778.0,21165.0,149.0,14278.0,1.4824
Tunceli,2008,145915.0,19009.0,132.0,14592.0,1.3027
Tunceli,2009,174866.0,23573.0,135.0,17487.0,1.348
Tunceli,2010,134606.0,16534.0,123.0,13461.0,1.2283
Tunceli,2011,131938.0,16127.0,122.0,13194.0,1.2223
Tunceli,2012,116305.0,21340.0,183.0,11630.0,1.8349
Tunceli,2013,118343.0,17372.0,147.0,11834.0,1.468
Tunceli,2014,116543.0,17586.0,151.0,11654.0,1.509
Tunceli,2015,104263.0,19415.0,186.0,10426.0,1.8622
Tunceli,2016,93466.0,17473.0,187.0,9347.0,1.8694
Tunceli,2017,96075.0,15606.0,162.0,9608.0,1.6243
Tunceli,2018,90709.0,15101.0,166.0,9071.0,1.6648
Tunceli,2019,94165.0,16014.0,170.0,9416.0,1.7007
Tunceli,2020,108750.0,20196.0,186.0,10875.0,1.8571
Tunceli,2021,102591.0,10952.0,107.0,10259.0,1.0676
Tunceli,2022,102388.0,20896.0,204.0,10239.0,2.0408
Tunceli,2023,105653.0,25924.0,245.0,10565.0,2.4538
Tunceli,2024,87925.0,22636.0,257.0,8792.0,2.5746
Uşak,2004,150330.0,36848.0,245.0,15033.0,2.4511
Uşak,2005,154430.0,41522.0,269.0,15443.0,2.6887
Uşak,2006,166231.0,37896.0,228.0,16623.0,2.2797
Uşak,2007,52701.0,11807.0,228.0,5270.0,2.2404
Uşak,2008,66157.0,18520.0,280.0,6616.0,2.7993
Uşak,2009,58436.0,15705.0,269.0,5844.0,2.6874
Uşak,2010,57060.0,16208.0,284.0,5706.0,2.8405
Uşak,2011,66618.0,20872.0,313.0,6662.0,3.133
Uşak,2012,101331.0,21262.0,210.0,10133.0,2.0983
Uşak,2013,94634.0,23931.0,253.0,9463.0,2.5289
Uşak,2014,98004.0,21069.0,215.0,9800.0,2.1499
Uşak,2015,99487.0,23377.0,235.0,9949.0,2.3497
Uşak,2016,97845.0,22554.0,231.0,9784.0,2.3052
Uşak,2017,98290.0,28628.0,291.0,9829.0,2.9126
Uşak,2018,98957.0,25274.0,255.0,9896.0,2.554
Uşak,2019,103170.0,25988.0,252.0,10317.0,2.5189
Uşak,2020,118333.0,30121.0,255.0,11833.0,2.5455
Uşak,2021,118025.0,15577.0,132.0,11802.0,1.3199
Uşak,2022,123030.0,25478.0,207.0,12303.0,2.0709
Uşak,2023,123450.0,32951.0,267.0,12345.0,2.6692
Uşak,2024,126410.0,25938.0,205.0,12641.0,2.0519
Van,2004,4570.0,409.0,94.0,457.0,0.895
Van,2005,4580.0,397.0,89.0,458.0,0.8668
Van,2006,4225.0,497.0,124.0,422.0,1.1777
Van,2007,3453.0,517.0,161.0,345.0,1.4986
Van,2008,219155.0,29327.0,153.0,21916.0,1.3382
Van,2009,286713.0,38595.0,144.0,28671.0,1.3461
Van,2010,1122342.0,147351.0,131.0,112234.0,1.3129
Van,2011,883334.0,98771.0,113.0,88333.0,1.1182
Van,2012,881724.0,115017.0,130.0,88172.0,1.3045
Van,2013,862712.0,115551.0,135.0,86271.0,1.3394
Van,2014,811674.0,94779.0,123.0,81167.0,1.1677
Van,2015,804943.0,106083.0,134.0,80494.0,1.3179
Van,2016,787314.0,104440.0,135.0,78731.0,1.3265
Van,2017,808946.0,107879.0,136.0,80895.0,1.3336
Van,2018,693334.0,107342.0,158.0,69333.0,1.5482
Van,2019,626159.0,72158.0,117.0,62616.0,1.1524
Van,2020,522211.0,84144.0,167.0,52221.0,1.6113
Van,2021,571676.0,41536.0,89.0,57168.0,0.7266
Van,2022,610358.0,90032.0,150.0,61036.0,1.4751
Van,2023,645758.0,109203.0,174.0,64576.0,1.6911
Van,2024,696293.0,134604.0,197.0,69629.0,1.9332
Yalova,2004,21760.0,5319.0,244.0,2176.0,2.4444
Yalova,2005,19900.0,5527.0,278.0,1990.0,2.7774
Yalova,2006,16820.0,4175.0,248.0,1682.0,2.4822
Yalova,2007,14835.0,4239.0,286.0,1484.0,2.8565
Yalova,2008,15851.0,4552.0,287.0,1585.0,2.8719
Yalova,2009,15467.0,3550.0,230.0,1547.0,2.2948
Yalova,2010,16161.0,3819.0,236.0,1616.0,2.3632
Yalova,2011,18283.0,4302.0,236.0,1828.0,2.3534
Yalova,2012,4711.0,1384.0,294.0,471.0,2.9384
Yalova,2013,16294.0,4322.0,265.0,1629.0,2.6532
Yalova,2014,16559.0,4422.0,270.0,1656.0,2.6703
Yalova,2015,16083.0,3506.0,218.0,1608.0,2.1803
Yalova,2016,11759.0,3040.0,259.0,1176.0,2.585
Yalova,2017,14535.0,4121.0,284.0,1454.0,2.8343
Yalova,2018,14083.0,3830.0,272.0,1408.0,2.7202
Yalova,2019,15570.0,4285.0,276.0,1557.0,2.7521
Yalova,2020,16362.0,5146.0,315.0,1636.0,3.1455
Yalova,2021,15180.0,5360.0,353.0,1518.0,3.531
Yalova,2022,15325.0,4948.0,323.0,1532.0,3.2298
Yalova,2023,16558.0,6782.0,410.0,1656.0,4.0954
Yalova,2024,16118.0,4244.0,263.0,1612.0,2.6328
Yozgat,2004,2535720.0,506591.0,210.0,253572.0,1.9978
Yozgat,2005,2797550.0,702319.0,251.0,279755.0,2.5105
Yozgat,2006,3012656.0,606242.0,201.0,301266.0,2.0123
Yozgat,2007,3152189.0,548292.0,176.0,315219.0,1.7394
Yozgat,2008,3225622.0,562882.0,177.0,322562.0,1.745
Yozgat,2009,3092706.0,770404.0,249.0,309271.0,2.491
Yozgat,2010,3366716.0,737732.0,219.0,336672.0,2.1912
Yozgat,2011,3261476.0,854094.0,262.0,326148.0,2.6187
Yozgat,2012,3065971.0,693979.0,226.0,306597.0,2.2635
Yozgat,2013,2492533.0,596875.0,239.0,249253.0,2.3947
Yozgat,2014,2553543.0,493640.0,196.0,255354.0,1.9332
Yozgat,2015,2339016.0,567850.0,243.0,233902.0,2.4277
Yozgat,2016,2304986.0,508853.0,221.0,230499.0,2.2076
Yozgat,2017,2294744.0,503972.0,220.0,229474.0,2.1962
Yozgat,2018,2154661.0,462256.0,215.0,215466.0,2.1454
Yozgat,2019,1955163.0,374251.0,191.0,195516.0,1.9142
Yozgat,2020,1553035.0,342463.0,221.0,155304.0,2.2051
Yozgat,2021,1706634.0,267454.0,157.0,170663.0,1.5671
Yozgat,2022,1841955.0,417266.0,227.0,184196.0,2.2653
Yozgat,2023,1877881.0,628975.0,335.0,187788.0,3.3494
Yozgat,2024,1902390.0,436714.0,230.0,190239.0,2.2956
Zonguldak,2004,197320.0,41760.0,212.0,19732.0,2.1164
Zonguldak,2005,194300.0,39540.0,204.0,19430.0,2.035
Zonguldak,2006,146665.0,29889.0,204.0,14666.0,2.038
Zonguldak,2007,138300.0,27135.0,196.0,13830.0,1.962
Zonguldak,2008,142124.0,28287.0,199.0,14212.0,1.9904
Zonguldak,2009,161285.0,30386.0,188.0,16128.0,1.8841
Zonguldak,2010,142004.0,21607.0,154.0,14200.0,1.5216
Zonguldak,2011,104907.0,16678.0,161.0,10491.0,1.5897
Zonguldak,2012,99597.0,18042.0,181.0,9960.0,1.8114
Zonguldak,2013,100591.0,17660.0,176.0,10059.0,1.7556
Zonguldak,2014,99360.0,14399.0,145.0,9936.0,1.4492
Zonguldak,2015,96539.0,10396.0,110.0,9654.0,1.0769
Zonguldak,2016,93275.0,10852.0,123.0,9328.0,1.1634
Zonguldak,2017,88126.0,12277.0,139.0,8813.0,1.3931
Zonguldak,2018,82889.0,11938.0,144.0,8289.0,1.4402
Zonguldak,2019,78503.0,11421.0,145.0,7850.0,1.4549
Zonguldak,2020,78609.0,12879.0,164.0,7861.0,1.6383
Zonguldak,2021,31909.0,7681.0,241.0,3191.0,2.4071
Zonguldak,2022,31694.0,6548.0,212.0,3169.0,2.0663
Zonguldak,2023,31971.0,6566.0,208.0,3197.0,2.0538
Zonguldak,2024,25446.0,4343.0,171.0,2545.0,1.7065
Çanakkale,2004,1145410.0,348650.0,304.0,114541.0,3.0439
Çanakkale,2005,1114190.0,307657.0,276.0,111419.0,2.7613
Çanakkale,2006,1033429.0,293143.0,284.0,103343.0,2.8366
Çanakkale,2007,987995.0,336647.0,341.0,98800.0,3.4074
Çanakkale,2008,998178.0,349229.0,350.0,99818.0,3.4987
Çanakkale,2009,912463.0,270673.0,297.0,91246.0,2.9664
Çanakkale,2010,944086.0,347930.0,369.0,94409.0,3.6853
Çanakkale,2011,862963.0,266829.0,309.0,86296.0,3.092
Çanakkale,2012,745142.0,253706.0,340.0,74514.0,3.4048
Çanakkale,2013,781782.0,242180.0,310.0,78178.0,3.0978
Çanakkale,2014,807603.0,266445.0,330.0,80760.0,3.2992
Çanakkale,2015,792741.0,258504.0,326.0,79274.0,3.2609
Çanakkale,2016,789090.0,248475.0,315.0,78909.0,3.1489
Çanakkale,2017,797119.0,256799.0,322.0,79712.0,3.2216
Çanakkale,2018,768718.0,223155.0,290.0,76872.0,2.9029
Çanakkale,2019,742770.0,264940.0,357.0,74277.0,3.5669
Çanakkale,2020,779021.0,288171.0,370.0,77902.0,3.6991
Çanakkale,2021,751509.0,398994.0,531.0,75151.0,5.3092
Çanakkale,2022,680450.0,290140.0,426.0,68045.0,4.2639
Çanakkale,2023,690289.0,243038.0,352.0,69029.0,3.5208
Çanakkale,2024,678942.0,209050.0,308.0,67894.0,3.0791
Çankırı,2004,517020.0,111408.0,215.0,51702.0,2.1548
Çankırı,2005,512900.0,108671.0,212.0,51290.0,2.1188
Çankırı,2006,490517.0,82906.0,169.0,49052.0,1.6902
Çankırı,2007,480912.0,60965.0,127.0,48091.0,1.2677
Çankırı,2008,528775.0,104433.0,197.0,52878.0,1.975
Çankırı,2009,522417.0,137237.0,263.0,52242.0,2.6269
Çankırı,2010,511472.0,136852.0,268.0,51147.0,2.6757
Çankırı,2011,492745.0,126404.0,257.0,49274.0,2.5653
Çankırı,2012,601185.0,132794.0,221.0,60118.0,2.2089
Çankırı,2013,659690.0,192064.0,291.0,65969.0,2.9114
Çankırı,2014,687341.0,170115.0,247.0,68734.0,2.475
Çankırı,2015,719633.0,190424.0,265.0,71963.0,2.6461
Çankırı,2016,717663.0,190103.0,265.0,71766.0,2.6489
Çankırı,2017,718844.0,174853.0,243.0,71884.0,2.4324
Çankırı,2018,705157.0,176609.0,250.0,70516.0,2.5045
Çankırı,2019,697742.0,186448.0,267.0,69774.0,2.6722
Çankırı,2020,676020.0,170975.0,253.0,67602.0,2.5291
Çankırı,2021,802565.0,144404.0,180.0,80256.0,1.7993
Çankırı,2022,828571.0,200055.0,241.0,82857.0,2.4145
Çankırı,2023,835765.0,189641.0,227.0,83576.0,2.2691
Çankırı,2024,854463.0,190642.0,223.0,85446.0,2.2311
Çorum,2004,2167480.0,536397.0,247.0,216748.0,2.4747
Çorum,2005,2233790.0,563333.0,252.0,223379.0,2.5219
Çorum,2006,2161817.0,444511.0,206.0,216182.0,2.0562
Çorum,2007,2076434.0,325264.0,157.0,207643.0,1.5665
Çorum,2008,2120767.0,456434.0,215.0,212077.0,2.1522
Çorum,2009,1946980.0,497010.0,255.0,194698.0,2.5527
Çorum,2010,2100000.0,618065.0,294.0,210000.0,2.9432
Çorum,2011,1936098.0,559503.0,289.0,193610.0,2.8898
Çorum,2012,1737105.0,397179.0,229.0,173710.0,2.2864
Çorum,2013,1732578.0,410660.0,237.0,173258.0,2.3702
Çorum,2014,1833651.0,367619.0,201.0,183365.0,2.0048
Çorum,2015,1874684.0,536245.0,286.0,187468.0,2.8605
Çorum,2016,1859402.0,530537.0,285.0,185940.0,2.8533
Çorum,2017,1965587.0,516052.0,263.0,196559.0,2.6254
Çorum,2018,1820130.0,450925.0,248.0,182013.0,2.4774
Çorum,2019,1721140.0,442933.0,257.0,172114.0,2.5735
Çorum,2020,1585104.0,408757.0,258.0,158510.0,2.5787
Çorum,2021,1541233.0,265394.0,177.0,154123.0,1.722
Çorum,2022,1597401.0,501292.0,314.0,159740.0,3.1382
Çorum,2023,1539156.0,450895.0,293.0,153916.0,2.9295
Çorum,2024,1542068.0,339410.0,221.0,154207.0,2.201
İstanbul,2004,419560.0,190338.0,454.0,41956.0,4.5366
İstanbul,2005,418420.0,165875.0,396.0,41842.0,3.9643
İstanbul,2006,388660.0,148134.0,381.0,38866.0,3.8114
İstanbul,2007,369699.0,145816.0,394.0,36970.0,3.9442
İstanbul,2008,377538.0,177807.0,471.0,37754.0,4.7096
İstanbul,2009,345437.0,134594.0,390.0,34544.0,3.8963
İstanbul,2010,307319.0,106075.0,345.0,30732.0,3.4516
İstanbul,2011,354474.0,133969.0,378.0,35447.0,3.7794
İstanbul,2012,323484.0,138046.0,427.0,32348.0,4.2675
İstanbul,2013,345517.0,132975.0,385.0,34552.0,3.8485
İstanbul,2014,333693.0,136558.0,409.0,33369.0,4.0924
İstanbul,2015,325313.0,139989.0,430.0,32531.0,4.3032
İstanbul,2016,332827.0,142757.0,429.0,33283.0,4.2892
İstanbul,2017,338810.0,157178.0,465.0,33881.0,4.6391
İstanbul,2018,338270.0,153027.0,452.0,33827.0,4.5238
İstanbul,2019,338777.0,161313.0,476.0,33878.0,4.7616
İstanbul,2020,373214.0,160359.0,430.0,37321.0,4.2967
İstanbul,2021,354091.0,174434.0,493.0,35409.0,4.9263
İstanbul,2022,336991.0,152101.0,451.0,33699.0,4.5135
İstanbul,2023,336302.0,139803.0,416.0,33630.0,4.1571
İstanbul,2024,308967.0,135753.0,440.0,30897.0,4.3937
İzmir,2004,279780.0,82893.0,296.0,27978.0,2.9628
İzmir,2005,398380.0,104862.0,263.0,39838.0,2.6322
İzmir,2006,371363.0,103787.0,279.0,37136.0,2.7948
İzmir,2007,366526.0,87615.0,239.0,36653.0,2.3904
İzmir,2008,366580.0,117317.0,320.0,36658.0,3.2003
İzmir,2009,376683.0,119496.0,317.0,37668.0,3.1723
İzmir,2010,351533.0,103137.0,293.0,35153.0,2.9339
İzmir,2011,321119.0,96880.0,302.0,32112.0,3.0169
İzmir,2012,283839.0,106234.0,374.0,28384.0,3.7427
İzmir,2013,311508.0,117699.0,378.0,31151.0,3.7783
İzmir,2014,326070.0,109060.0,334.0,32607.0,3.3447
İzmir,2015,319534.0,101891.0,319.0,31953.0,3.1888
İzmir,2016,313179.0,107641.0,344.0,31318.0,3.437
İzmir,2017,291226.0,100769.0,346.0,29123.0,3.4601
İzmir,2018,282915.0,98073.0,347.0,28292.0,3.4665
İzmir,2019,260183.0,85442.0,328.0,26018.0,3.284
İzmir,2020,238816.0,82256.0,344.0,23882.0,3.4443
İzmir,2021,286859.0,111068.0,387.0,28686.0,3.8719
İzmir,2022,238663.0,92309.0,387.0,23866.0,3.8678
İzmir,2023,293165.0,130398.0,445.0,29316.0,4.448
İzmir,2024,248811.0,85522.0,345.0,24881.0,3.4372
Şanlıurfa,2004,1728410.0,380867.0,220.0,172841.0,2.2036
Şanlıurfa,2005,1568570.0,456434.0,291.0,156857.0,2.9099
Şanlıurfa,2006,1638372.0,484943.0,296.0,163837.0,2.9599
Şanlıurfa,2007,1505098.0,487968.0,324.0,150510.0,3.2421
Şanlıurfa,2008,1619030.0,386488.0,279.0,161903.0,2.3872
Şanlıurfa,2009,2537298.0,681203.0,312.0,253730.0,2.6848
Şanlıurfa,2010,1973985.0,488898.0,248.0,197398.0,2.4767
Şanlıurfa,2011,1668598.0,494862.0,297.0,166860.0,2.9657
Şanlıurfa,2012,1503883.0,545769.0,363.0,150388.0,3.6291
Şanlıurfa,2013,1770928.0,592201.0,334.0,177093.0,3.344
Şanlıurfa,2014,1687803.0,509105.0,304.0,168780.0,3.0164
Şanlıurfa,2015,1709608.0,582722.0,341.0,170961.0,3.4085
Şanlıurfa,2016,1905477.0,571854.0,301.0,190548.0,3.0011
Şanlıurfa,2017,1867999.0,632257.0,338.0,186800.0,3.3847
Şanlıurfa,2018,1665452.0,492706.0,296.0,166545.0,2.9584
Şanlıurfa,2019,1379814.0,419371.0,304.0,137981.0,3.0393
Şanlıurfa,2020,2147577.0,790319.0,368.0,214758.0,3.68
Şanlıurfa,2021,1605700.0,589522.0,383.0,160570.0,3.6714
Şanlıurfa,2022,1383412.0,459409.0,332.0,138341.0,3.3208
Şanlıurfa,2023,1526000.0,839526.0,550.0,152600.0,5.5015
Şanlıurfa,2024,1568884.0,644792.0,411.0,156888.0,4.1099
Şırnak,2004,300720.0,65483.0,220.0,30072.0,2.1775
Şırnak,2005,303490.0,67622.0,223.0,30349.0,2.2281
Şırnak,2006,349768.0,90940.0,260.0,34977.0,2.6
Şırnak,2007,426418.0,119969.0,282.0,42642.0,2.8134
Şırnak,2008,385888.0,51976.0,272.0,38589.0,1.3469
Şırnak,2009,287558.0,76778.0,270.0,28756.0,2.67
Şırnak,2010,686428.0,191270.0,282.0,68643.0,2.7864
Şırnak,2011,708618.0,154603.0,280.0,70862.0,2.1817
Şırnak,2012,440335.0,95540.0,217.0,44034.0,2.1697
Şırnak,2013,547095.0,147763.0,271.0,54710.0,2.7008
Şırnak,2014,528508.0,124831.0,237.0,52851.0,2.3619
Şırnak,2015,501226.0,132162.0,264.0,50123.0,2.6368
Şırnak,2016,375272.0,96155.0,257.0,37527.0,2.5623
Şırnak,2017,445131.0,103864.0,234.0,44513.0,2.3333
Şırnak,2018,445053.0,110732.0,249.0,44505.0,2.4881
Şırnak,2019,441306.0,84459.0,192.0,44131.0,1.9138
Şırnak,2020,280466.0,94471.0,338.0,28047.0,3.3683
Şırnak,2021,279944.0,38491.0,138.0,27994.0,1.375
Şırnak,2022,260054.0,36985.0,142.0,26005.0,1.4222
Şırnak,2023,419870.0,142673.0,340.0,41987.0,3.398
Şırnak,2024,244935.0,81999.0,335.0,24494.0,3.3477
